Date,Team,PTS,,Opp,PTS,,OT,Notes
Sun Oct 21 2018,Shanghai Sharks,87,,Bayi Rockets,83,,,
Sun Oct 21 2018,Guangdong Southern Tigers,87,,Beijing Ducks,84,,,
Sun Oct 21 2018,Zhejiang Guangsha Lions,119,,Fujian Sturgeons,105,,,
Sun Oct 21 2018,Qingdao Eagles,118,,Nanjing Monkey Kings,91,,,
Sun Oct 21 2018,Tianjin Gold Lions,89,,Jilin Northeast Tigers,108,,,
Sun Oct 21 2018,Shandong Golden Stars,92,,Liaoning Flying Leopards,113,,,
Sun Oct 21 2018,Sichuan Blue Whales,91,,Shanxi Loongs,97,,,
Sun Oct 21 2018,Guangzhou Long-Lions,107,,Shenzhen Leopards,123,,,
Sun Oct 21 2018,Jiangsu Dragons,93,,Xinjiang Flying Tigers,101,,,
Sun Oct 21 2018,Beikong Fly Dragons,107,,Zhejiang Golden Bulls,110,,,
Tue Oct 23 2018,Guangdong Southern Tigers,131,,Beikong Fly Dragons,109,,,
Tue Oct 23 2018,Qingdao Eagles,101,,Jiangsu Dragons,103,,,
Tue Oct 23 2018,Shandong Golden Stars,119,,Jilin Northeast Tigers,116,,,
Tue Oct 23 2018,Liaoning Flying Leopards,97,,Shanxi Loongs,93,,,
Tue Oct 23 2018,Beijing Ducks,111,,Shenzhen Leopards,100,,,
Tue Oct 23 2018,Guangzhou Long-Lions,114,,Tianjin Gold Lions,103,,,
Tue Oct 23 2018,Shanghai Sharks,92,,Zhejiang Guangsha Lions,108,,,
Wed Oct 24 2018,Bayi Rockets,81,,Fujian Sturgeons,120,,,
Wed Oct 24 2018,Zhejiang Golden Bulls,112,,Sichuan Blue Whales,119,,,
Wed Oct 24 2018,Nanjing Monkey Kings,95,,Xinjiang Flying Tigers,116,,,
Thu Oct 25 2018,Shenzhen Leopards,137,,Beikong Fly Dragons,136,,,
Thu Oct 25 2018,Guangzhou Long-Lions,105,,Qingdao Eagles,88,,,
Thu Oct 25 2018,Liaoning Flying Leopards,91,,Shanghai Sharks,104,,,
Thu Oct 25 2018,Jilin Northeast Tigers,89,,Shanxi Loongs,87,,,
Thu Oct 25 2018,Beijing Ducks,98,,Tianjin Gold Lions,77,,,
Fri Oct 26 2018,Sichuan Blue Whales,111,,Guangdong Southern Tigers,138,,,
Fri Oct 26 2018,Fujian Sturgeons,108,,Jiangsu Dragons,118,,,
Fri Oct 26 2018,Bayi Rockets,90,,Shandong Golden Stars,105,,,
Fri Oct 26 2018,Zhejiang Golden Bulls,97,,Xinjiang Flying Tigers,101,,,
Fri Oct 26 2018,Nanjing Monkey Kings,95,,Zhejiang Guangsha Lions,116,,,
Sat Oct 27 2018,Shenzhen Leopards,103,,Qingdao Eagles,92,,,
Sat Oct 27 2018,Jilin Northeast Tigers,102,,Shanghai Sharks,109,,,
Sat Oct 27 2018,Shanxi Loongs,92,,Tianjin Gold Lions,98,,,
Sun Oct 28 2018,Bayi Rockets,115,,Beikong Fly Dragons,110,,,
Sun Oct 28 2018,Xinjiang Flying Tigers,95,,Guangdong Southern Tigers,112,,,
Sun Oct 28 2018,Sichuan Blue Whales,95,,Guangzhou Long-Lions,110,,,
Sun Oct 28 2018,Fujian Sturgeons,113,,Nanjing Monkey Kings,97,,,
Sun Oct 28 2018,Beijing Ducks,98,,Liaoning Flying Leopards,104,,,
Sun Oct 28 2018,Zhejiang Golden Bulls,112,,Shandong Golden Stars,114,,,
Sun Oct 28 2018,Jiangsu Dragons,85,,Zhejiang Guangsha Lions,110,,,
Tue Oct 30 2018,Fujian Sturgeons,103,,Bayi Rockets,81,,,
Tue Oct 30 2018,Tianjin Gold Lions,109,,Nanjing Monkey Kings,121,,,
Tue Oct 30 2018,Beikong Fly Dragons,122,,Liaoning Flying Leopards,139,,,
Tue Oct 30 2018,Shanxi Loongs,120,,Qingdao Eagles,109,,,
Tue Oct 30 2018,Guangdong Southern Tigers,120,,Shandong Golden Stars,96,,,
Tue Oct 30 2018,Sichuan Blue Whales,121,,Shenzhen Leopards,115,,,
Tue Oct 30 2018,Jilin Northeast Tigers,103,,Zhejiang Golden Bulls,116,,,
Wed Oct 31 2018,Zhejiang Guangsha Lions,95,,Beijing Ducks,88,,,
Wed Oct 31 2018,Xinjiang Flying Tigers,101,,Guangzhou Long-Lions,106,,,
Wed Oct 31 2018,Jiangsu Dragons,103,,Shanghai Sharks,117,,,
Thu Nov 1 2018,Qingdao Eagles,106,,Bayi Rockets,110,,,
Thu Nov 1 2018,Shandong Golden Stars,92,,Fujian Sturgeons,108,,,
Thu Nov 1 2018,Beikong Fly Dragons,136,,Jilin Northeast Tigers,121,,,
Thu Nov 1 2018,Tianjin Gold Lions,99,,Sichuan Blue Whales,102,,,
Thu Nov 1 2018,Liaoning Flying Leopards,102,,Zhejiang Golden Bulls,119,,,
Fri Nov 2 2018,Shanghai Sharks,118,,Beijing Ducks,113,,,
Fri Nov 2 2018,Nanjing Monkey Kings,109,,Guangzhou Long-Lions,123,,,
Fri Nov 2 2018,Guangdong Southern Tigers,111,,Jiangsu Dragons,105,,,
Fri Nov 2 2018,Zhejiang Guangsha Lions,93,,Shanxi Loongs,89,,,
Fri Nov 2 2018,Xinjiang Flying Tigers,115,,Shenzhen Leopards,111,,,
Sat Nov 3 2018,Liaoning Flying Leopards,90,,Bayi Rockets,59,,,
Sat Nov 3 2018,Zhejiang Golden Bulls,122,,Fujian Sturgeons,114,,,
Sat Nov 3 2018,Shandong Golden Stars,103,,Sichuan Blue Whales,97,,,
Sat Nov 3 2018,Qingdao Eagles,93,,Tianjin Gold Lions,101,,,
Sun Nov 4 2018,Nanjing Monkey Kings,102,,Beijing Ducks,114,,,
Sun Nov 4 2018,Xinjiang Flying Tigers,127,,Guangdong Southern Tigers,129,,,
Sun Nov 4 2018,Guangzhou Long-Lions,102,,Jiangsu Dragons,112,,,
Sun Nov 4 2018,Shenzhen Leopards,122,,Jilin Northeast Tigers,112,,,
Sun Nov 4 2018,Shanghai Sharks,101,,Shanxi Loongs,88,,,
Sun Nov 4 2018,Beikong Fly Dragons,94,,Zhejiang Guangsha Lions,132,,,
Tue Nov 6 2018,Guangzhou Long-Lions,131,,Beikong Fly Dragons,132,,,
Tue Nov 6 2018,Fujian Sturgeons,129,,Guangdong Southern Tigers,142,,,
Tue Nov 6 2018,Shenzhen Leopards,125,,Nanjing Monkey Kings,100,,,
Tue Nov 6 2018,Sichuan Blue Whales,102,,Jilin Northeast Tigers,112,,,
Tue Nov 6 2018,Beijing Ducks,112,,Shanghai Sharks,93,,,
Tue Nov 6 2018,Zhejiang Golden Bulls,116,,Shanxi Loongs,117,,,
Tue Nov 6 2018,Jiangsu Dragons,109,,Tianjin Gold Lions,103,,,
Tue Nov 6 2018,Shandong Golden Stars,111,,Xinjiang Flying Tigers,118,,,
Wed Nov 7 2018,Qingdao Eagles,117,,Liaoning Flying Leopards,136,,,
Wed Nov 7 2018,Bayi Rockets,85,,Zhejiang Guangsha Lions,113,,,
Thu Nov 8 2018,Guangdong Southern Tigers,125,,Guangzhou Long-Lions,110,,,
Thu Nov 8 2018,Shanxi Loongs,97,,Nanjing Monkey Kings,98,,,
Thu Nov 8 2018,Jiangsu Dragons,82,,Shandong Golden Stars,100,,,
Thu Nov 8 2018,Tianjin Gold Lions,110,,Shanghai Sharks,123,,,
Thu Nov 8 2018,Fujian Sturgeons,107,,Shenzhen Leopards,121,,,
Fri Nov 9 2018,Bayi Rockets,113,,Beikong Fly Dragons,102,,,
Fri Nov 9 2018,Jilin Northeast Tigers,106,,Liaoning Flying Leopards,100,,,
Fri Nov 9 2018,Zhejiang Golden Bulls,118,,Qingdao Eagles,122,,,
Fri Nov 9 2018,Sichuan Blue Whales,109,,Xinjiang Flying Tigers,118,,,
Fri Nov 9 2018,Beijing Ducks,95,,Zhejiang Guangsha Lions,91,,,
Sat Nov 10 2018,Fujian Sturgeons,117,,Guangzhou Long-Lions,104,,,
Sat Nov 10 2018,Nanjing Monkey Kings,93,,Shandong Golden Stars,116,,,
Sat Nov 10 2018,Tianjin Gold Lions,130,,Shenzhen Leopards,152,,,
Sun Nov 11 2018,Guangdong Southern Tigers,104,,Bayi Rockets,96,,,
Sun Nov 11 2018,Shanghai Sharks,136,,Beikong Fly Dragons,137,,,
Sun Nov 11 2018,Shanxi Loongs,106,,Jiangsu Dragons,103,,,
Sun Nov 11 2018,Zhejiang Guangsha Lions,115,,Qingdao Eagles,109,,,
Sun Nov 11 2018,Liaoning Flying Leopards,111,,Sichuan Blue Whales,100,,,
Sun Nov 11 2018,Jilin Northeast Tigers,115,,Xinjiang Flying Tigers,117,,,
Sun Nov 11 2018,Beijing Ducks,114,,Zhejiang Golden Bulls,109,,,
Tue Nov 13 2018,Guangzhou Long-Lions,105,,Bayi Rockets,92,,,
Tue Nov 13 2018,Nanjing Monkey Kings,73,,Beijing Ducks,89,,,
Tue Nov 13 2018,Beikong Fly Dragons,131,,Fujian Sturgeons,140,,,
Tue Nov 13 2018,Shenzhen Leopards,118,,Jiangsu Dragons,102,,,
Tue Nov 13 2018,Shanghai Sharks,96,,Shandong Golden Stars,99,,,
Tue Nov 13 2018,Liaoning Flying Leopards,119,,Xinjiang Flying Tigers,124,,,
Wed Nov 14 2018,Tianjin Gold Lions,103,,Guangdong Southern Tigers,118,,,
Wed Nov 14 2018,Qingdao Eagles,98,,Sichuan Blue Whales,91,,,
Wed Nov 14 2018,Shanxi Loongs,120,,Zhejiang Golden Bulls,123,,,
Thu Nov 15 2018,Bayi Rockets,80,,Beijing Ducks,91,,,
Thu Nov 15 2018,Shandong Golden Stars,113,,Fujian Sturgeons,105,,,
Thu Nov 15 2018,Beikong Fly Dragons,100,,Jiangsu Dragons,114,,,
Thu Nov 15 2018,Nanjing Monkey Kings,110,,Jilin Northeast Tigers,124,,,
Fri Nov 16 2018,Qingdao Eagles,99,,Guangdong Southern Tigers,120,,,
Fri Nov 16 2018,Guangzhou Long-Lions,108,,Liaoning Flying Leopards,120,,,
Fri Nov 16 2018,Sichuan Blue Whales,101,,Shanghai Sharks,113,,,
Fri Nov 16 2018,Shenzhen Leopards,130,,Shanxi Loongs,118,,,
Fri Nov 16 2018,Zhejiang Guangsha Lions,126,,Tianjin Gold Lions,106,,,
Fri Nov 16 2018,Xinjiang Flying Tigers,108,,Zhejiang Golden Bulls,125,,,
Sat Nov 17 2018,Jiangsu Dragons,83,,Beijing Ducks,99,,,
Sat Nov 17 2018,Bayi Rockets,88,,Nanjing Monkey Kings,110,,,
Sun Nov 18 2018,Shandong Golden Stars,80,,Guangzhou Long-Lions,94,,,
Sun Nov 18 2018,Fujian Sturgeons,116,,Liaoning Flying Leopards,134,,,
Sun Nov 18 2018,Beikong Fly Dragons,132,,Qingdao Eagles,140,,,
Sun Nov 18 2018,Xinjiang Flying Tigers,95,,Shanghai Sharks,105,,,
Sun Nov 18 2018,Guangdong Southern Tigers,94,,Shanxi Loongs,77,,,
Sun Nov 18 2018,Jilin Northeast Tigers,105,,Shenzhen Leopards,104,,,
Sun Nov 18 2018,Zhejiang Golden Bulls,117,,Tianjin Gold Lions,111,,,
Sun Nov 18 2018,Sichuan Blue Whales,99,,Zhejiang Guangsha Lions,120,,,
Tue Nov 20 2018,Jiangsu Dragons,100,,Beikong Fly Dragons,95,,,
Tue Nov 20 2018,Zhejiang Golden Bulls,116,,Nanjing Monkey Kings,118,,,
Tue Nov 20 2018,Tianjin Gold Lions,115,,Shanghai Sharks,118,,,
Tue Nov 20 2018,Fujian Sturgeons,131,,Shanxi Loongs,118,,,
Tue Nov 20 2018,Liaoning Flying Leopards,99,,Shenzhen Leopards,96,,,
Tue Nov 20 2018,Guangdong Southern Tigers,121,,Sichuan Blue Whales,104,,,
Tue Nov 20 2018,Xinjiang Flying Tigers,106,,Zhejiang Guangsha Lions,103,,,
Wed Nov 21 2018,Jilin Northeast Tigers,109,,Guangzhou Long-Lions,129,,,
Wed Nov 21 2018,Beijing Ducks,107,,Qingdao Eagles,92,,,
Wed Nov 21 2018,Bayi Rockets,86,,Shandong Golden Stars,97,,,
Thu Nov 22 2018,Nanjing Monkey Kings,117,,Beikong Fly Dragons,110,,,
Thu Nov 22 2018,Shanxi Loongs,115,,Guangdong Southern Tigers,137,,,
Thu Nov 22 2018,Zhejiang Golden Bulls,113,,Jiangsu Dragons,96,,,
Fri Nov 23 2018,Xinjiang Flying Tigers,111,,Bayi Rockets,96,,,
Fri Nov 23 2018,Jilin Northeast Tigers,101,,Fujian Sturgeons,104,,,
Fri Nov 23 2018,Liaoning Flying Leopards,117,,Guangzhou Long-Lions,101,,,
Fri Nov 23 2018,Shanghai Sharks,114,,Qingdao Eagles,107,,,
Fri Nov 23 2018,Shandong Golden Stars,91,,Shenzhen Leopards,116,,,
Fri Nov 23 2018,Beijing Ducks,87,,Sichuan Blue Whales,73,,,
Fri Nov 23 2018,Tianjin Gold Lions,103,,Zhejiang Guangsha Lions,125,,,
Thu Dec 6 2018,Shenzhen Leopards,114,,Bayi Rockets,97,,,
Thu Dec 6 2018,Tianjin Gold Lions,109,,Fujian Sturgeons,114,,,
Thu Dec 6 2018,Shanghai Sharks,101,,Guangdong Southern Tigers,138,,,
Thu Dec 6 2018,Sichuan Blue Whales,107,,Jiangsu Dragons,112,,,
Thu Dec 6 2018,Qingdao Eagles,117,,Jilin Northeast Tigers,110,,,
Thu Dec 6 2018,Beikong Fly Dragons,107,,Shandong Golden Stars,104,,,
Thu Dec 6 2018,Zhejiang Guangsha Lions,104,,Zhejiang Golden Bulls,99,,,
Fri Dec 7 2018,Guangzhou Long-Lions,98,,Beijing Ducks,112,,,
Fri Dec 7 2018,Nanjing Monkey Kings,99,,Liaoning Flying Leopards,134,,,
Fri Dec 7 2018,Shanxi Loongs,80,,Xinjiang Flying Tigers,107,,,
Sat Dec 8 2018,Bayi Rockets,92,,Jilin Northeast Tigers,113,,,
Sat Dec 8 2018,Zhejiang Guangsha Lions,102,,Shanghai Sharks,99,,,
Sat Dec 8 2018,Qingdao Eagles,101,,Shenzhen Leopards,111,,,
Sat Dec 8 2018,Guangdong Southern Tigers,107,,Zhejiang Golden Bulls,103,,,
Sun Dec 9 2018,Beikong Fly Dragons,94,,Beijing Ducks,100,,,
Sun Dec 9 2018,Sichuan Blue Whales,83,,Nanjing Monkey Kings,88,,,
Sun Dec 9 2018,Jiangsu Dragons,84,,Liaoning Flying Leopards,104,,,
Sun Dec 9 2018,Guangzhou Long-Lions,111,,Shanxi Loongs,99,,,
Sun Dec 9 2018,Shandong Golden Stars,113,,Tianjin Gold Lions,105,,,
Sun Dec 9 2018,Fujian Sturgeons,115,,Xinjiang Flying Tigers,122,,,
Tue Dec 11 2018,Guangdong Southern Tigers,124,,Nanjing Monkey Kings,106,,,
Tue Dec 11 2018,Jiangsu Dragons,94,,Jilin Northeast Tigers,108,,,
Tue Dec 11 2018,Guangzhou Long-Lions,107,,Qingdao Eagles,97,,,
Tue Dec 11 2018,Zhejiang Golden Bulls,67,,Shanghai Sharks,90,,,
Tue Dec 11 2018,Liaoning Flying Leopards,120,,Shenzhen Leopards,99,,,
Tue Dec 11 2018,Fujian Sturgeons,107,,Sichuan Blue Whales,97,,,
Tue Dec 11 2018,Shandong Golden Stars,82,,Zhejiang Guangsha Lions,116,,,
Wed Dec 12 2018,Xinjiang Flying Tigers,111,,Beijing Ducks,113,,,
Wed Dec 12 2018,Bayi Rockets,86,,Shanxi Loongs,96,,,
Wed Dec 12 2018,Beikong Fly Dragons,125,,Tianjin Gold Lions,130,,,
Thu Dec 13 2018,Jilin Northeast Tigers,105,,Guangdong Southern Tigers,96,,,
Thu Dec 13 2018,Shandong Golden Stars,87,,Jiangsu Dragons,110,,,
Thu Dec 13 2018,Fujian Sturgeons,120,,Qingdao Eagles,98,,,
Thu Dec 13 2018,Nanjing Monkey Kings,103,,Shanghai Sharks,111,,,
Thu Dec 13 2018,Liaoning Flying Leopards,100,,Zhejiang Guangsha Lions,95,,,
Fri Dec 14 2018,Zhejiang Golden Bulls,91,,Bayi Rockets,104,,,
Fri Dec 14 2018,Xinjiang Flying Tigers,107,,Beikong Fly Dragons,119,,,
Fri Dec 14 2018,Shenzhen Leopards,104,,Guangzhou Long-Lions,98,,,
Fri Dec 14 2018,Shanxi Loongs,107,,Sichuan Blue Whales,104,,,
Fri Dec 14 2018,Beijing Ducks,112,,Tianjin Gold Lions,101,,,
Sat Dec 15 2018,Zhejiang Guangsha Lions,100,,Guangdong Southern Tigers,113,,,
Sat Dec 15 2018,Nanjing Monkey Kings,98,,Jiangsu Dragons,111,,,
Sat Dec 15 2018,Jilin Northeast Tigers,104,,Liaoning Flying Leopards,120,,,
Sat Dec 15 2018,Qingdao Eagles,121,,Shandong Golden Stars,92,,,
Sun Dec 16 2018,Tianjin Gold Lions,97,,Bayi Rockets,88,,,
Sun Dec 16 2018,Beijing Ducks,76,,Fujian Sturgeons,83,,,
Sun Dec 16 2018,Shanghai Sharks,111,,Guangzhou Long-Lions,117,,,
Sun Dec 16 2018,Beikong Fly Dragons,84,,Sichuan Blue Whales,95,,,
Sun Dec 16 2018,Shanxi Loongs,101,,Xinjiang Flying Tigers,114,,,
Sun Dec 16 2018,Shenzhen Leopards,111,,Zhejiang Golden Bulls,107,,,
Tue Dec 18 2018,Jiangsu Dragons,82,,Bayi Rockets,74,,,
Tue Dec 18 2018,Jilin Northeast Tigers,88,,Beijing Ducks,101,,,
Tue Dec 18 2018,Beikong Fly Dragons,112,,Fujian Sturgeons,123,,,
Tue Dec 18 2018,Tianjin Gold Lions,87,,Nanjing Monkey Kings,95,,,
Tue Dec 18 2018,Shanxi Loongs,106,,Shandong Golden Stars,96,,,
Tue Dec 18 2018,Shanghai Sharks,106,,Shenzhen Leopards,112,,,
Wed Dec 19 2018,Zhejiang Guangsha Lions,102,,Guangzhou Long-Lions,88,,,
Wed Dec 19 2018,Qingdao Eagles,113,,Liaoning Flying Leopards,124,,,
Wed Dec 19 2018,Guangdong Southern Tigers,103,,Zhejiang Golden Bulls,97,,,
Thu Dec 20 2018,Shandong Golden Stars,76,,Beijing Ducks,96,,,
Thu Dec 20 2018,Jiangsu Dragons,112,,Fujian Sturgeons,86,,,
Thu Dec 20 2018,Shanghai Sharks,113,,Nanjing Monkey Kings,105,,,
Thu Dec 20 2018,Beikong Fly Dragons,110,,Shanxi Loongs,111,,,
Thu Dec 20 2018,Bayi Rockets,92,,Sichuan Blue Whales,98,,,
Fri Dec 21 2018,Qingdao Eagles,116,,Jilin Northeast Tigers,124,,,
Fri Dec 21 2018,Guangdong Southern Tigers,103,,Liaoning Flying Leopards,106,,,
Fri Dec 21 2018,Zhejiang Guangsha Lions,103,,Shenzhen Leopards,113,,,
Fri Dec 21 2018,Tianjin Gold Lions,100,,Xinjiang Flying Tigers,154,,,
Fri Dec 21 2018,Guangzhou Long-Lions,98,,Zhejiang Golden Bulls,91,,,
Sat Dec 22 2018,Shandong Golden Stars,100,,Beikong Fly Dragons,113,,,
Sat Dec 22 2018,Bayi Rockets,85,,Jiangsu Dragons,100,,,
Sat Dec 22 2018,Beijing Ducks,107,,Shanxi Loongs,96,,,
Sun Dec 23 2018,Shanghai Sharks,95,,Fujian Sturgeons,106,,,
Sun Dec 23 2018,Shenzhen Leopards,87,,Guangdong Southern Tigers,102,,,
Sun Dec 23 2018,Guangzhou Long-Lions,95,,Jilin Northeast Tigers,121,,,
Sun Dec 23 2018,Xinjiang Flying Tigers,132,,Qingdao Eagles,106,,,
Sun Dec 23 2018,Zhejiang Golden Bulls,80,,Sichuan Blue Whales,97,,,
Sun Dec 23 2018,Liaoning Flying Leopards,112,,Tianjin Gold Lions,105,,,
Sun Dec 23 2018,Nanjing Monkey Kings,106,,Zhejiang Guangsha Lions,103,,,
Tue Dec 25 2018,Zhejiang Golden Bulls,84,,Beikong Fly Dragons,95,,,
Tue Dec 25 2018,Beijing Ducks,87,,Guangdong Southern Tigers,96,,,
Tue Dec 25 2018,Shenzhen Leopards,121,,Guangzhou Long-Lions,113,,,
Tue Dec 25 2018,Xinjiang Flying Tigers,101,,Jiangsu Dragons,99,,,
Tue Dec 25 2018,Nanjing Monkey Kings,115,,Qingdao Eagles,121,,,
Tue Dec 25 2018,Liaoning Flying Leopards,102,,Shandong Golden Stars,84,,,
Tue Dec 25 2018,Bayi Rockets,82,,Shanghai Sharks,103,,,
Tue Dec 25 2018,Jilin Northeast Tigers,105,,Tianjin Gold Lions,110,,,
Tue Dec 25 2018,Fujian Sturgeons,116,,Zhejiang Guangsha Lions,121,,,
Wed Dec 26 2018,Shanxi Loongs,95,,Sichuan Blue Whales,103,,,
Thu Dec 27 2018,Fujian Sturgeons,103,,Bayi Rockets,102,,,
Thu Dec 27 2018,Beikong Fly Dragons,101,,Guangdong Southern Tigers,129,,,
Thu Dec 27 2018,Tianjin Gold Lions,104,,Guangzhou Long-Lions,144,,,
Thu Dec 27 2018,Xinjiang Flying Tigers,125,,Nanjing Monkey Kings,118,,,
Thu Dec 27 2018,Jiangsu Dragons,95,,Qingdao Eagles,100,,,
Thu Dec 27 2018,Jilin Northeast Tigers,102,,Shandong Golden Stars,112,,,
Thu Dec 27 2018,Zhejiang Guangsha Lions,127,,Shanghai Sharks,119,,,
Fri Dec 28 2018,Shenzhen Leopards,93,,Beijing Ducks,83,,,
Fri Dec 28 2018,Shanxi Loongs,102,,Liaoning Flying Leopards,112,,,
Fri Dec 28 2018,Sichuan Blue Whales,92,,Zhejiang Golden Bulls,97,,,
Sat Dec 29 2018,Shandong Golden Stars,106,,Bayi Rockets,100,,,
Sat Dec 29 2018,Jiangsu Dragons,95,,Fujian Sturgeons,103,,,
Sat Dec 29 2018,Qingdao Eagles,102,,Guangzhou Long-Lions,111,,,
Sat Dec 29 2018,Zhejiang Guangsha Lions,92,,Nanjing Monkey Kings,108,,,
Sun Dec 30 2018,Tianjin Gold Lions,86,,Beijing Ducks,107,,,
Sun Dec 30 2018,Shanxi Loongs,114,,Jilin Northeast Tigers,119,,,
Sun Dec 30 2018,Shanghai Sharks,120,,Liaoning Flying Leopards,126,,,
Sun Dec 30 2018,Beikong Fly Dragons,80,,Shenzhen Leopards,108,,,
Sun Dec 30 2018,Guangdong Southern Tigers,108,,Sichuan Blue Whales,101,,,
Sun Dec 30 2018,Xinjiang Flying Tigers,105,,Zhejiang Golden Bulls,111,,,
Tue Jan 1 2019,Liaoning Flying Leopards,89,,Beijing Ducks,86,,,
Tue Jan 1 2019,Nanjing Monkey Kings,101,,Fujian Sturgeons,115,,,
Tue Jan 1 2019,Zhejiang Guangsha Lions,118,,Jiangsu Dragons,93,,,
Tue Jan 1 2019,Tianjin Gold Lions,109,,Shanxi Loongs,101,,,
Tue Jan 1 2019,Qingdao Eagles,105,,Shenzhen Leopards,121,,,
Tue Jan 1 2019,Guangzhou Long-Lions,113,,Sichuan Blue Whales,99,,,
Tue Jan 1 2019,Guangdong Southern Tigers,126,,Xinjiang Flying Tigers,130,,,
Wed Jan 2 2019,Beikong Fly Dragons,76,,Bayi Rockets,102,,,
Wed Jan 2 2019,Shanghai Sharks,109,,Jilin Northeast Tigers,122,,,
Wed Jan 2 2019,Shandong Golden Stars,73,,Zhejiang Golden Bulls,82,,,
Thu Jan 3 2019,Qingdao Eagles,101,,Shanxi Loongs,107,,,
Thu Jan 3 2019,Shenzhen Leopards,123,,Sichuan Blue Whales,116,,,
Thu Jan 3 2019,Nanjing Monkey Kings,102,,Tianjin Gold Lions,110,,,
Thu Jan 3 2019,Guangzhou Long-Lions,89,,Xinjiang Flying Tigers,100,,,
Thu Jan 3 2019,Beijing Ducks,93,,Zhejiang Guangsha Lions,110,,,
Fri Jan 4 2019,Liaoning Flying Leopards,119,,Beikong Fly Dragons,87,,,
Fri Jan 4 2019,Bayi Rockets,87,,Fujian Sturgeons,117,,,
Fri Jan 4 2019,Shandong Golden Stars,97,,Guangdong Southern Tigers,132,,,
Fri Jan 4 2019,Shanghai Sharks,106,,Jiangsu Dragons,126,,,
Fri Jan 4 2019,Zhejiang Golden Bulls,104,,Jilin Northeast Tigers,93,,,
Sat Jan 5 2019,Sichuan Blue Whales,110,,Tianjin Gold Lions,120,,,
Sat Jan 5 2019,Shenzhen Leopards,106,,Xinjiang Flying Tigers,110,,,
Sat Jan 5 2019,Shanxi Loongs,118,,Zhejiang Guangsha Lions,127,,,
Sun Jan 6 2019,Jilin Northeast Tigers,110,,Beikong Fly Dragons,97,,,
Sun Jan 6 2019,Jiangsu Dragons,105,,Guangdong Southern Tigers,142,,,
Sun Jan 6 2019,Guangzhou Long-Lions,90,,Nanjing Monkey Kings,84,,,
Sun Jan 6 2019,Zhejiang Golden Bulls,95,,Liaoning Flying Leopards,123,,,
Sun Jan 6 2019,Bayi Rockets,91,,Qingdao Eagles,98,,,
Sun Jan 6 2019,Fujian Sturgeons,89,,Shandong Golden Stars,117,,,
Sun Jan 6 2019,Beijing Ducks,104,,Shanghai Sharks,92,,,
Tue Jan 8 2019,Zhejiang Guangsha Lions,125,,Beikong Fly Dragons,77,,,
Tue Jan 8 2019,Bayi Rockets,94,,Liaoning Flying Leopards,96,,,
Tue Jan 8 2019,Tianjin Gold Lions,123,,Qingdao Eagles,128,,,
Wed Jan 9 2019,Jiangsu Dragons,110,,Guangzhou Long-Lions,103,,,
Wed Jan 9 2019,Sichuan Blue Whales,90,,Shandong Golden Stars,104,,,
Wed Jan 9 2019,Guangdong Southern Tigers,115,,Xinjiang Flying Tigers,89,,,
Wed Jan 9 2019,Fujian Sturgeons,105,,Zhejiang Golden Bulls,111,,,
Thu Jan 10 2019,Beijing Ducks,97,,Nanjing Monkey Kings,96,,,
Thu Jan 10 2019,Shanxi Loongs,120,,Shanghai Sharks,103,,,
Thu Jan 10 2019,Jilin Northeast Tigers,118,,Shenzhen Leopards,129,,,
Tue Jan 15 2019,Guangdong Southern Tigers,139,,Fujian Sturgeons,100,,,
Tue Jan 15 2019,Tianjin Gold Lions,106,,Jiangsu Dragons,128,,,
Tue Jan 15 2019,Liaoning Flying Leopards,140,,Qingdao Eagles,113,,,
Tue Jan 15 2019,Xinjiang Flying Tigers,109,,Shandong Golden Stars,126,,,
Tue Jan 15 2019,Nanjing Monkey Kings,91,,Shenzhen Leopards,110,,,
Tue Jan 15 2019,Jilin Northeast Tigers,105,,Sichuan Blue Whales,94,,,
Tue Jan 15 2019,Shanxi Loongs,91,,Zhejiang Golden Bulls,113,,,
Wed Jan 16 2019,Zhejiang Guangsha Lions,119,,Bayi Rockets,87,,,
Wed Jan 16 2019,Shanghai Sharks,118,,Beijing Ducks,120,,,
Wed Jan 16 2019,Beikong Fly Dragons,92,,Guangzhou Long-Lions,133,,,
Thu Jan 17 2019,Shandong Golden Stars,90,,Jiangsu Dragons,110,,,
Thu Jan 17 2019,Liaoning Flying Leopards,153,,Jilin Northeast Tigers,150,,,
Thu Jan 17 2019,Nanjing Monkey Kings,86,,Shanxi Loongs,92,,,
Thu Jan 17 2019,Xinjiang Flying Tigers,111,,Sichuan Blue Whales,91,,,
Fri Jan 18 2019,Beikong Fly Dragons,91,,Bayi Rockets,104,,,
Fri Jan 18 2019,Zhejiang Guangsha Lions,98,,Beijing Ducks,120,,,
Fri Jan 18 2019,Shenzhen Leopards,115,,Fujian Sturgeons,103,,,
Fri Jan 18 2019,Guangzhou Long-Lions,106,,Guangdong Southern Tigers,131,,,
Fri Jan 18 2019,Shanghai Sharks,102,,Tianjin Gold Lions,128,,,
Fri Jan 18 2019,Qingdao Eagles,97,,Zhejiang Golden Bulls,107,,,
Sat Jan 19 2019,Shandong Golden Stars,112,,Nanjing Monkey Kings,97,,,
Sat Jan 19 2019,Sichuan Blue Whales,86,,Liaoning Flying Leopards,126,,,
Sun Jan 20 2019,Zhejiang Golden Bulls,100,,Beijing Ducks,99,,,
Sun Jan 20 2019,Guangzhou Long-Lions,114,,Fujian Sturgeons,127,,,
Sun Jan 20 2019,Bayi Rockets,86,,Guangdong Southern Tigers,103,,,
Sun Jan 20 2019,Xinjiang Flying Tigers,98,,Jilin Northeast Tigers,110,,,
Sun Jan 20 2019,Beikong Fly Dragons,106,,Shanghai Sharks,116,,,
Sun Jan 20 2019,Jiangsu Dragons,110,,Shanxi Loongs,114,,,
Sun Jan 20 2019,Shenzhen Leopards,107,,Tianjin Gold Lions,93,,,
Sun Jan 20 2019,Qingdao Eagles,99,,Zhejiang Guangsha Lions,106,,,
Tue Jan 22 2019,Xinjiang Flying Tigers,103,,Liaoning Flying Leopards,117,,,
Tue Jan 22 2019,Sichuan Blue Whales,121,,Qingdao Eagles,112,,,
Tue Jan 22 2019,Shandong Golden Stars,110,,Shanghai Sharks,108,,,
Tue Jan 22 2019,Zhejiang Golden Bulls,110,,Shanxi Loongs,115,,,
Tue Jan 22 2019,Jiangsu Dragons,106,,Shenzhen Leopards,113,,,
Tue Jan 22 2019,Guangdong Southern Tigers,124,,Tianjin Gold Lions,119,,,
Tue Jan 22 2019,Jilin Northeast Tigers,107,,Zhejiang Guangsha Lions,118,,,
Wed Jan 23 2019,Fujian Sturgeons,128,,Beikong Fly Dragons,111,,,
Wed Jan 23 2019,Bayi Rockets,89,,Guangzhou Long-Lions,108,,,
Wed Jan 23 2019,Beijing Ducks,94,,Nanjing Monkey Kings,79,,,
Thu Jan 24 2019,Guangdong Southern Tigers,129,,Qingdao Eagles,108,,,
Thu Jan 24 2019,Shanxi Loongs,114,,Shenzhen Leopards,121,,,
Thu Jan 24 2019,Shanghai Sharks,106,,Sichuan Blue Whales,94,,,
Thu Jan 24 2019,Zhejiang Golden Bulls,116,,Xinjiang Flying Tigers,118,,,
Thu Jan 24 2019,Tianjin Gold Lions,109,,Zhejiang Guangsha Lions,124,,,
Fri Jan 25 2019,Beijing Ducks,85,,Bayi Rockets,71,,,
Fri Jan 25 2019,Jiangsu Dragons,113,,Beikong Fly Dragons,103,,,
Fri Jan 25 2019,Liaoning Flying Leopards,101,,Guangzhou Long-Lions,91,,,
Fri Jan 25 2019,Jilin Northeast Tigers,112,,Nanjing Monkey Kings,100,,,
Fri Jan 25 2019,Fujian Sturgeons,111,,Shandong Golden Stars,120,,,
Sat Jan 26 2019,Shanxi Loongs,126,,Guangdong Southern Tigers,140,,,
Sat Jan 26 2019,Zhejiang Guangsha Lions,119,,Sichuan Blue Whales,115,,,
Sat Jan 26 2019,Shanghai Sharks,97,,Xinjiang Flying Tigers,103,,,
Sun Jan 27 2019,Nanjing Monkey Kings,87,,Bayi Rockets,98,,,
Sun Jan 27 2019,Qingdao Eagles,117,,Beikong Fly Dragons,102,,,
Sun Jan 27 2019,Liaoning Flying Leopards,116,,Fujian Sturgeons,110,,,
Sun Jan 27 2019,Beijing Ducks,107,,Jiangsu Dragons,109,,,
Sun Jan 27 2019,Shenzhen Leopards,120,,Jilin Northeast Tigers,125,,,
Sun Jan 27 2019,Guangzhou Long-Lions,91,,Shandong Golden Stars,111,,,
Sun Jan 27 2019,Tianjin Gold Lions,114,,Zhejiang Golden Bulls,129,,,
Tue Jan 29 2019,Shandong Golden Stars,94,,Bayi Rockets,96,,,
Tue Jan 29 2019,Qingdao Eagles,90,,Beijing Ducks,102,,,
Tue Jan 29 2019,Shanxi Loongs,109,,Fujian Sturgeons,138,,,
Tue Jan 29 2019,Sichuan Blue Whales,113,,Guangdong Southern Tigers,124,,,
Tue Jan 29 2019,Shenzhen Leopards,120,,Liaoning Flying Leopards,112,,,
Tue Jan 29 2019,Shanghai Sharks,135,,Tianjin Gold Lions,120,,,
Tue Jan 29 2019,Zhejiang Guangsha Lions,111,,Xinjiang Flying Tigers,127,,,
Wed Jan 30 2019,Beikong Fly Dragons,79,,Jiangsu Dragons,113,,,
Wed Jan 30 2019,Guangzhou Long-Lions,99,,Jilin Northeast Tigers,122,,,
Wed Jan 30 2019,Nanjing Monkey Kings,102,,Zhejiang Golden Bulls,121,,,
Thu Jan 31 2019,Sichuan Blue Whales,92,,Beijing Ducks,119,,,
Thu Jan 31 2019,Zhejiang Guangsha Lions,115,,Tianjin Gold Lions,100,,,
Thu Jan 31 2019,Bayi Rockets,96,,Xinjiang Flying Tigers,116,,,
Fri Feb 1 2019,Beikong Fly Dragons,101,,Nanjing Monkey Kings,106,,,
Fri Feb 1 2019,Fujian Sturgeons,106,,Jilin Northeast Tigers,95,,,
Fri Feb 1 2019,Guangzhou Long-Lions,94,,Liaoning Flying Leopards,110,,,
Fri Feb 1 2019,Shenzhen Leopards,99,,Shandong Golden Stars,121,,,
Fri Feb 1 2019,Qingdao Eagles,86,,Shanghai Sharks,121,,,
Fri Feb 1 2019,Guangdong Southern Tigers,122,,Shanxi Loongs,95,,,
Fri Feb 1 2019,Jiangsu Dragons,112,,Zhejiang Golden Bulls,116,,,
Sun Feb 10 2019,Zhejiang Guangsha Lions,114,,Jilin Northeast Tigers,131,,,
Tue Feb 12 2019,Shandong Golden Stars,117,,Beikong Fly Dragons,99,,,
Tue Feb 12 2019,Beijing Ducks,93,,Guangzhou Long-Lions,97,,,
Tue Feb 12 2019,Liaoning Flying Leopards,111,,Nanjing Monkey Kings,99,,,
Tue Feb 12 2019,Guangdong Southern Tigers,104,,Shanghai Sharks,110,,,
Tue Feb 12 2019,Xinjiang Flying Tigers,120,,Shanxi Loongs,115,,,
Tue Feb 12 2019,Jiangsu Dragons,120,,Sichuan Blue Whales,96,,,
Tue Feb 12 2019,Zhejiang Golden Bulls,113,,Zhejiang Guangsha Lions,102,,,
Wed Feb 13 2019,Jilin Northeast Tigers,121,,Qingdao Eagles,109,,,
Wed Feb 13 2019,Bayi Rockets,108,,Shenzhen Leopards,122,,,
Wed Feb 13 2019,Fujian Sturgeons,135,,Tianjin Gold Lions,112,,,
Thu Feb 14 2019,Beijing Ducks,102,,Beikong Fly Dragons,104,,,
Thu Feb 14 2019,Shanxi Loongs,126,,Guangzhou Long-Lions,136,,,
Thu Feb 14 2019,Liaoning Flying Leopards,119,,Jiangsu Dragons,96,,,
Fri Feb 15 2019,Jilin Northeast Tigers,123,,Bayi Rockets,124,,,
Fri Feb 15 2019,Xinjiang Flying Tigers,98,,Fujian Sturgeons,117,,,
Fri Feb 15 2019,Zhejiang Golden Bulls,101,,Guangdong Southern Tigers,115,,,
Fri Feb 15 2019,Shenzhen Leopards,126,,Qingdao Eagles,116,,,
Fri Feb 15 2019,Tianjin Gold Lions,92,,Shandong Golden Stars,106,,,
Fri Feb 15 2019,Nanjing Monkey Kings,77,,Sichuan Blue Whales,96,,,
Fri Feb 15 2019,Shanghai Sharks,110,,Zhejiang Guangsha Lions,127,,,
Sun Feb 17 2019,Sichuan Blue Whales,84,,Xinjiang Flying Tigers,127,,,
Thu Feb 28 2019,Shanxi Loongs,100,,Bayi Rockets,91,,,
Thu Feb 28 2019,Tianjin Gold Lions,126,,Beikong Fly Dragons,125,,,
Thu Feb 28 2019,Sichuan Blue Whales,98,,Fujian Sturgeons,115,,,
Thu Feb 28 2019,Nanjing Monkey Kings,79,,Guangdong Southern Tigers,114,,,
Thu Feb 28 2019,Shenzhen Leopards,100,,Liaoning Flying Leopards,111,,,
Thu Feb 28 2019,Zhejiang Guangsha Lions,104,,Shandong Golden Stars,113,,,
Thu Feb 28 2019,Beijing Ducks,96,,Xinjiang Flying Tigers,109,,,
Fri Mar 1 2019,Qingdao Eagles,109,,Guangzhou Long-Lions,119,,,
Fri Mar 1 2019,Jilin Northeast Tigers,90,,Jiangsu Dragons,117,,,
Fri Mar 1 2019,Shanghai Sharks,101,,Zhejiang Golden Bulls,131,,,
Sat Mar 2 2019,Zhejiang Guangsha Lions,93,,Liaoning Flying Leopards,98,,,
Sat Mar 2 2019,Sichuan Blue Whales,115,,Shanxi Loongs,127,,,
Sat Mar 2 2019,Beikong Fly Dragons,101,,Xinjiang Flying Tigers,143,,,
Sun Mar 3 2019,Tianjin Gold Lions,92,,Beijing Ducks,103,,,
Sun Mar 3 2019,Qingdao Eagles,118,,Fujian Sturgeons,136,,,
Sun Mar 3 2019,Shanghai Sharks,104,,Nanjing Monkey Kings,110,,,
Sun Mar 3 2019,Guangdong Southern Tigers,132,,Jilin Northeast Tigers,111,,,
Sun Mar 3 2019,Jiangsu Dragons,83,,Shandong Golden Stars,122,,,
Sun Mar 3 2019,Guangzhou Long-Lions,117,,Shenzhen Leopards,97,,,
Sun Mar 3 2019,Bayi Rockets,89,,Zhejiang Golden Bulls,116,,,
Tue Mar 5 2019,Fujian Sturgeons,106,,Beijing Ducks,108,,,
Tue Mar 5 2019,Liaoning Flying Leopards,113,,Jilin Northeast Tigers,120,,,
Tue Mar 5 2019,Shandong Golden Stars,125,,Qingdao Eagles,129,,,
Tue Mar 5 2019,Guangzhou Long-Lions,105,,Shanghai Sharks,114,,,
Tue Mar 5 2019,Xinjiang Flying Tigers,134,,Shanxi Loongs,125,,,
Tue Mar 5 2019,Zhejiang Golden Bulls,111,,Shenzhen Leopards,124,,,
Tue Mar 5 2019,Guangdong Southern Tigers,114,,Zhejiang Guangsha Lions,108,,,
Wed Mar 6 2019,Sichuan Blue Whales,122,,Beikong Fly Dragons,117,,,
Wed Mar 6 2019,Jiangsu Dragons,103,,Nanjing Monkey Kings,100,,,
Wed Mar 6 2019,Bayi Rockets,102,,Tianjin Gold Lions,121,,,
Thu Mar 7 2019,Zhejiang Golden Bulls,91,,Guangdong Southern Tigers,113,,,
Thu Mar 7 2019,Beijing Ducks,96,,Jilin Northeast Tigers,123,,,
Thu Mar 7 2019,Liaoning Flying Leopards,101,,Qingdao Eagles,117,,,
Thu Mar 7 2019,Shenzhen Leopards,98,,Shanghai Sharks,89,,,
Thu Mar 7 2019,Shandong Golden Stars,137,,Shanxi Loongs,128,,,
Thu Mar 7 2019,Guangzhou Long-Lions,106,,Zhejiang Guangsha Lions,117,,,
Fri Mar 8 2019,Fujian Sturgeons,144,,Beikong Fly Dragons,106,,,
Fri Mar 8 2019,Bayi Rockets,101,,Jiangsu Dragons,112,,,
Fri Mar 8 2019,Xinjiang Flying Tigers,126,,Sichuan Blue Whales,90,,,
Fri Mar 8 2019,Nanjing Monkey Kings,99,,Tianjin Gold Lions,104,,,
Sat Mar 9 2019,Jilin Northeast Tigers,107,,Qingdao Eagles,103,,,
Sat Mar 9 2019,Beijing Ducks,98,,Shandong Golden Stars,97,,,
Sat Mar 9 2019,Shenzhen Leopards,101,,Zhejiang Guangsha Lions,83,,,
Sun Mar 10 2019,Sichuan Blue Whales,88,,Bayi Rockets,104,,,
Sun Mar 10 2019,Shanxi Loongs,110,,Beikong Fly Dragons,106,,,
Sun Mar 10 2019,Liaoning Flying Leopards,94,,Guangdong Southern Tigers,107,,,
Sun Mar 10 2019,Zhejiang Golden Bulls,120,,Guangzhou Long-Lions,106,,,
Sun Mar 10 2019,Fujian Sturgeons,91,,Jiangsu Dragons,110,,,
Sun Mar 10 2019,Nanjing Monkey Kings,78,,Shanghai Sharks,110,,,
Sun Mar 10 2019,Xinjiang Flying Tigers,143,,Tianjin Gold Lions,108,,,
Wed Mar 13 2019,Jiangsu Dragons,88,,Bayi Rockets,129,,,
Wed Mar 13 2019,Shanxi Loongs,109,,Beijing Ducks,120,,,
Wed Mar 13 2019,Jilin Northeast Tigers,108,,Guangzhou Long-Lions,136,,,
Wed Mar 13 2019,Zhejiang Guangsha Lions,104,,Nanjing Monkey Kings,82,,,
Wed Mar 13 2019,Tianjin Gold Lions,95,,Liaoning Flying Leopards,119,,,
Wed Mar 13 2019,Beikong Fly Dragons,101,,Shandong Golden Stars,119,,,
Wed Mar 13 2019,Fujian Sturgeons,89,,Shanghai Sharks,124,,,
Wed Mar 13 2019,Guangdong Southern Tigers,128,,Shenzhen Leopards,114,,,
Wed Mar 13 2019,Qingdao Eagles,118,,Xinjiang Flying Tigers,142,,,
Wed Mar 13 2019,Sichuan Blue Whales,119,,Zhejiang Golden Bulls,114,,,