Date,Start (ET),Visitor/Neutral,PTS,Home/Neutral,PTS,,,Attend.,Arena,Notes
Sun Dec 25 2011,12:00p,Boston Celtics,104,New York Knicks,106,Box Score,,19763,Madison Square Garden (IV),
Sun Dec 25 2011,2:30p,Miami Heat,105,Dallas Mavericks,94,Box Score,,20421,American Airlines Center,
Sun Dec 25 2011,5:00p,Chicago Bulls,88,Los Angeles Lakers,87,Box Score,,18997,STAPLES Center,
Sun Dec 25 2011,8:00p,Orlando Magic,89,Oklahoma City Thunder,97,Box Score,,18203,Chesapeake Energy Arena,
Sun Dec 25 2011,10:30p,Los Angeles Clippers,105,Golden State Warriors,86,Box Score,,19596,Oracle Arena,
Mon Dec 26 2011,7:00p,Toronto Raptors,104,Cleveland Cavaliers,96,Box Score,,20562,Quicken Loans Arena,
Mon Dec 26 2011,7:00p,New Jersey Nets,90,Washington Wizards,84,Box Score,,17102,Verizon Center,
Mon Dec 26 2011,7:00p,Houston Rockets,95,Orlando Magic,104,Box Score,,18846,Amway Center,
Mon Dec 26 2011,7:00p,Detroit Pistons,79,Indiana Pacers,91,Box Score,,18165,Bankers Life Fieldhouse,
Mon Dec 26 2011,7:00p,Milwaukee Bucks,95,Charlotte Bobcats,96,Box Score,,17173,Time Warner Cable Arena,
Mon Dec 26 2011,8:00p,Oklahoma City Thunder,104,Minnesota Timberwolves,100,Box Score,,19406,Target Center,
Mon Dec 26 2011,8:30p,Denver Nuggets,115,Dallas Mavericks,93,Box Score,,20408,American Airlines Center,
Mon Dec 26 2011,8:30p,Memphis Grizzlies,82,San Antonio Spurs,95,Box Score,,18581,AT&T Center,
Mon Dec 26 2011,9:00p,New Orleans Hornets,85,Phoenix Suns,84,Box Score,,17776,US Airways Center,
Mon Dec 26 2011,10:00p,Philadelphia 76ers,103,Portland Trail Blazers,107,Box Score,,20509,Rose Garden Arena,
Mon Dec 26 2011,10:00p,Los Angeles Lakers,91,Sacramento Kings,100,Box Score,,17317,Power Balance Pavilion,
Mon Dec 26 2011,10:30p,Chicago Bulls,91,Golden State Warriors,99,Box Score,,19596,Oracle Arena,
Tue Dec 27 2011,7:30p,Atlanta Hawks,106,New Jersey Nets,70,Box Score,,18711,Prudential Center,
Tue Dec 27 2011,8:00p,Boston Celtics,107,Miami Heat,115,Box Score,,20166,AmericanAirlines Arena,
Tue Dec 27 2011,8:30p,Minnesota Timberwolves,95,Milwaukee Bucks,98,Box Score,,17352,Bradley Center,
Tue Dec 27 2011,10:00p,Sacramento Kings,79,Portland Trail Blazers,101,Box Score,,20350,Rose Garden Arena,
Tue Dec 27 2011,10:30p,Utah Jazz,71,Los Angeles Lakers,96,Box Score,,18997,STAPLES Center,
Wed Dec 28 2011,6:00p,Indiana Pacers,90,Toronto Raptors,85,Box Score,,19800,Air Canada Centre,
Wed Dec 28 2011,7:00p,Miami Heat,96,Charlotte Bobcats,95,Box Score,,19614,Time Warner Cable Arena,
Wed Dec 28 2011,7:30p,Washington Wizards,83,Atlanta Hawks,101,Box Score,,17750,Philips Arena,
Wed Dec 28 2011,7:30p,Cleveland Cavaliers,105,Detroit Pistons,89,Box Score,,22076,The Palace of Auburn Hills,
Wed Dec 28 2011,8:00p,Boston Celtics,78,New Orleans Hornets,97,Box Score,,17802,New Orleans Arena,
Wed Dec 28 2011,8:00p,Oklahoma City Thunder,98,Memphis Grizzlies,95,Box Score,,18119,FedEx Forum,
Wed Dec 28 2011,8:30p,Los Angeles Clippers,90,San Antonio Spurs,115,Box Score,,18581,AT&T Center,
Wed Dec 28 2011,9:00p,Philadelphia 76ers,103,Phoenix Suns,83,Box Score,,16360,US Airways Center,
Wed Dec 28 2011,9:00p,Utah Jazz,100,Denver Nuggets,117,Box Score,,19155,Pepsi Center,
Wed Dec 28 2011,10:30p,New York Knicks,78,Golden State Warriors,92,Box Score,,19596,Oracle Arena,
Thu Dec 29 2011,7:00p,New Jersey Nets,78,Orlando Magic,94,Box Score,,18954,Amway Center,
Thu Dec 29 2011,8:00p,San Antonio Spurs,85,Houston Rockets,105,Box Score,,18267,Toyota Center,
Thu Dec 29 2011,8:00p,Dallas Mavericks,102,Oklahoma City Thunder,104,Box Score,,18203,Chesapeake Energy Arena,
Thu Dec 29 2011,10:00p,Denver Nuggets,102,Portland Trail Blazers,111,Box Score,,20531,Rose Garden Arena,
Thu Dec 29 2011,10:00p,Chicago Bulls,108,Sacramento Kings,98,Box Score,,17317,Power Balance Pavilion,
Thu Dec 29 2011,10:30p,New York Knicks,82,Los Angeles Lakers,99,Box Score,,18997,STAPLES Center,
Fri Dec 30 2011,7:00p,Orlando Magic,100,Charlotte Bobcats,79,Box Score,,18064,Time Warner Cable Arena,
Fri Dec 30 2011,7:00p,Cleveland Cavaliers,91,Indiana Pacers,98,Box Score,OT,13004,Bankers Life Fieldhouse,
Fri Dec 30 2011,7:30p,New Jersey Nets,98,Atlanta Hawks,105,Box Score,,16300,Philips Arena,
Fri Dec 30 2011,7:30p,Detroit Pistons,85,Boston Celtics,96,Box Score,,18624,TD Garden,
Fri Dec 30 2011,8:00p,Phoenix Suns,93,New Orleans Hornets,78,Box Score,,15790,New Orleans Arena,
Fri Dec 30 2011,8:00p,Houston Rockets,93,Memphis Grizzlies,113,Box Score,,16069,FedEx Forum,
Fri Dec 30 2011,8:00p,Miami Heat,103,Minnesota Timberwolves,101,Box Score,,19356,Target Center,
Fri Dec 30 2011,8:30p,Toronto Raptors,86,Dallas Mavericks,99,Box Score,,20307,American Airlines Center,
Fri Dec 30 2011,8:30p,Washington Wizards,81,Milwaukee Bucks,102,Box Score,,17065,Bradley Center,
Fri Dec 30 2011,9:00p,Philadelphia 76ers,99,Utah Jazz,102,Box Score,,19911,EnergySolutions Arena,
Fri Dec 30 2011,10:30p,Chicago Bulls,114,Los Angeles Clippers,101,Box Score,,19426,STAPLES Center,
Sat Dec 31 2011,3:30p,Denver Nuggets,89,Los Angeles Lakers,92,Box Score,,18997,STAPLES Center,
Sat Dec 31 2011,6:00p,Indiana Pacers,88,Detroit Pistons,96,Box Score,,8824,The Palace of Auburn Hills,
Sat Dec 31 2011,7:00p,Atlanta Hawks,84,Houston Rockets,95,Box Score,,14390,Toyota Center,
Sat Dec 31 2011,8:00p,Phoenix Suns,97,Oklahoma City Thunder,107,Box Score,,18203,Chesapeake Energy Arena,
Sat Dec 31 2011,8:00p,New York Knicks,114,Sacramento Kings,92,Box Score,,16175,Power Balance Pavilion,
Sat Dec 31 2011,8:30p,Utah Jazz,89,San Antonio Spurs,104,Box Score,,17769,AT&T Center,
Sat Dec 31 2011,9:00p,Philadelphia 76ers,107,Golden State Warriors,79,Box Score,,19084,Oracle Arena,
Sun Jan 1 2012,6:00p,New Jersey Nets,82,Cleveland Cavaliers,98,Box Score,,15084,Quicken Loans Arena,
Sun Jan 1 2012,6:00p,Charlotte Bobcats,90,Miami Heat,129,Box Score,,20016,AmericanAirlines Arena,
Sun Jan 1 2012,6:00p,Toronto Raptors,96,Orlando Magic,102,Box Score,,18846,Amway Center,
Sun Jan 1 2012,6:00p,Boston Celtics,94,Washington Wizards,86,Box Score,,17458,Verizon Center,
Sun Jan 1 2012,7:00p,Dallas Mavericks,82,Minnesota Timberwolves,99,Box Score,,15115,Target Center,
Sun Jan 1 2012,8:00p,Memphis Grizzlies,64,Chicago Bulls,104,Box Score,,22763,United Center,
Sun Jan 1 2012,8:00p,Los Angeles Lakers,90,Denver Nuggets,99,Box Score,,19155,Pepsi Center,
Sun Jan 1 2012,9:00p,New Orleans Hornets,80,Sacramento Kings,96,Box Score,,13628,Power Balance Pavilion,
Sun Jan 1 2012,9:30p,Portland Trail Blazers,88,Los Angeles Clippers,93,Box Score,,19060,STAPLES Center,
Mon Jan 2 2012,3:30p,Golden State Warriors,91,Phoenix Suns,102,Box Score,,14793,US Airways Center,
Mon Jan 2 2012,7:30p,Washington Wizards,92,Boston Celtics,100,Box Score,,18624,TD Garden,
Mon Jan 2 2012,7:30p,Orlando Magic,78,Detroit Pistons,89,Box Score,,8120,The Palace of Auburn Hills,
Mon Jan 2 2012,7:30p,Atlanta Hawks,100,Miami Heat,92,Box Score,,20078,AmericanAirlines Arena,
Mon Jan 2 2012,7:30p,Indiana Pacers,108,New Jersey Nets,94,Box Score,,12519,Prudential Center,
Mon Jan 2 2012,7:30p,Toronto Raptors,90,New York Knicks,85,Box Score,,19763,Madison Square Garden (IV),
Mon Jan 2 2012,8:00p,San Antonio Spurs,96,Minnesota Timberwolves,106,Box Score,,14514,Target Center,
Mon Jan 2 2012,8:30p,Oklahoma City Thunder,87,Dallas Mavericks,100,Box Score,,20108,American Airlines Center,
Mon Jan 2 2012,9:00p,Milwaukee Bucks,86,Denver Nuggets,91,Box Score,,14142,Pepsi Center,
Mon Jan 2 2012,9:00p,New Orleans Hornets,90,Utah Jazz,94,Box Score,,19159,EnergySolutions Arena,
Tue Jan 3 2012,7:00p,Charlotte Bobcats,101,Cleveland Cavaliers,115,Box Score,,14173,Quicken Loans Arena,
Tue Jan 3 2012,8:00p,Atlanta Hawks,74,Chicago Bulls,76,Box Score,,22166,United Center,
Tue Jan 3 2012,8:00p,Sacramento Kings,96,Memphis Grizzlies,113,Box Score,,12391,FedEx Forum,
Tue Jan 3 2012,8:00p,Portland Trail Blazers,103,Oklahoma City Thunder,93,Box Score,,18203,Chesapeake Energy Arena,
Tue Jan 3 2012,9:00p,Milwaukee Bucks,73,Utah Jazz,85,Box Score,,17756,EnergySolutions Arena,
Tue Jan 3 2012,10:30p,Houston Rockets,99,Los Angeles Lakers,108,Box Score,,18997,STAPLES Center,
Wed Jan 4 2012,7:00p,Washington Wizards,85,Orlando Magic,103,Box Score,,18846,Amway Center,
Wed Jan 4 2012,7:00p,Cleveland Cavaliers,77,Toronto Raptors,92,Box Score,,14468,Air Canada Centre,
Wed Jan 4 2012,7:30p,New Jersey Nets,70,Boston Celtics,89,Box Score,,18624,TD Garden,
Wed Jan 4 2012,7:30p,Chicago Bulls,99,Detroit Pistons,83,Box Score,,9125,The Palace of Auburn Hills,
Wed Jan 4 2012,7:30p,Indiana Pacers,83,Miami Heat,118,Box Score,,20201,AmericanAirlines Arena,
Wed Jan 4 2012,7:30p,Charlotte Bobcats,118,New York Knicks,110,Box Score,,19763,Madison Square Garden (IV),
Wed Jan 4 2012,8:00p,Memphis Grizzlies,90,Minnesota Timberwolves,86,Box Score,,17404,Target Center,
Wed Jan 4 2012,8:00p,Philadelphia 76ers,101,New Orleans Hornets,93,Box Score,,12387,New Orleans Arena,
Wed Jan 4 2012,8:30p,Phoenix Suns,89,Dallas Mavericks,98,Box Score,,19885,American Airlines Center,
Wed Jan 4 2012,8:30p,Golden State Warriors,95,San Antonio Spurs,101,Box Score,,16751,AT&T Center,
Wed Jan 4 2012,9:00p,Sacramento Kings,83,Denver Nuggets,110,Box Score,,14562,Pepsi Center,
Wed Jan 4 2012,10:30p,Houston Rockets,89,Los Angeles Clippers,117,Box Score,,19060,STAPLES Center,
Thu Jan 5 2012,8:00p,Miami Heat,116,Atlanta Hawks,109,Box Score,3OT,18371,Philips Arena,
Thu Jan 5 2012,8:30p,Dallas Mavericks,71,San Antonio Spurs,93,Box Score,,18581,AT&T Center,
Thu Jan 5 2012,10:00p,Milwaukee Bucks,100,Sacramento Kings,103,Box Score,,11813,Power Balance Pavilion,
Thu Jan 5 2012,10:30p,Los Angeles Lakers,96,Portland Trail Blazers,107,Box Score,,20444,Rose Garden Arena,
Fri Jan 6 2012,7:00p,Atlanta Hawks,102,Charlotte Bobcats,96,Box Score,OT,17827,Time Warner Cable Arena,
Fri Jan 6 2012,7:00p,Detroit Pistons,73,Philadelphia 76ers,96,Box Score,,19408,Wells Fargo Center,
Fri Jan 6 2012,7:00p,New Jersey Nets,97,Toronto Raptors,85,Box Score,,16771,Air Canada Centre,
Fri Jan 6 2012,7:00p,New York Knicks,99,Washington Wizards,96,Box Score,,16998,Verizon Center,
Fri Jan 6 2012,7:30p,Indiana Pacers,87,Boston Celtics,74,Box Score,,18624,TD Garden,
Fri Jan 6 2012,8:00p,Cleveland Cavaliers,98,Minnesota Timberwolves,87,Box Score,,16943,Target Center,
Fri Jan 6 2012,8:00p,Denver Nuggets,96,New Orleans Hornets,88,Box Score,,13035,New Orleans Arena,
Fri Jan 6 2012,8:00p,Houston Rockets,94,Oklahoma City Thunder,109,Box Score,,18203,Chesapeake Energy Arena,
Fri Jan 6 2012,8:00p,Chicago Bulls,97,Orlando Magic,83,Box Score,,18912,Amway Center,
Fri Jan 6 2012,9:00p,Memphis Grizzlies,85,Utah Jazz,94,Box Score,,19503,EnergySolutions Arena,
Fri Jan 6 2012,10:30p,Golden State Warriors,90,Los Angeles Lakers,97,Box Score,,18997,STAPLES Center,
Fri Jan 6 2012,10:30p,Portland Trail Blazers,77,Phoenix Suns,102,Box Score,,16235,US Airways Center,
Sat Jan 7 2012,7:00p,Chicago Bulls,94,Atlanta Hawks,109,Box Score,,17112,Philips Arena,
Sat Jan 7 2012,7:00p,Charlotte Bobcats,77,Indiana Pacers,99,Box Score,,17226,Bankers Life Fieldhouse,
Sat Jan 7 2012,7:30p,New York Knicks,103,Detroit Pistons,80,Box Score,,12044,The Palace of Auburn Hills,
Sat Jan 7 2012,7:30p,Miami Heat,101,New Jersey Nets,90,Box Score,,18711,Prudential Center,
Sat Jan 7 2012,8:00p,Oklahoma City Thunder,98,Houston Rockets,95,Box Score,,14327,Toyota Center,
Sat Jan 7 2012,8:00p,Toronto Raptors,62,Philadelphia 76ers,97,Box Score,,14522,Wells Fargo Center,
Sat Jan 7 2012,8:30p,Denver Nuggets,117,San Antonio Spurs,121,Box Score,,17537,AT&T Center,
Sat Jan 7 2012,9:00p,New Orleans Hornets,81,Dallas Mavericks,96,Box Score,,20409,American Airlines Center,
Sat Jan 7 2012,10:30p,Utah Jazz,88,Golden State Warriors,87,Box Score,,19596,Oracle Arena,
Sat Jan 7 2012,10:30p,Milwaukee Bucks,86,Los Angeles Clippers,92,Box Score,,19229,STAPLES Center,
Sun Jan 8 2012,1:00p,Minnesota Timberwolves,93,Washington Wizards,72,Box Score,,13095,Verizon Center,
Sun Jan 8 2012,6:00p,Orlando Magic,104,Sacramento Kings,97,Box Score,,14150,Power Balance Pavilion,
Sun Jan 8 2012,7:00p,San Antonio Spurs,96,Oklahoma City Thunder,108,Box Score,,18203,Chesapeake Energy Arena,
Sun Jan 8 2012,8:00p,Milwaukee Bucks,93,Phoenix Suns,109,Box Score,,13420,US Airways Center,
Sun Jan 8 2012,9:00p,Cleveland Cavaliers,78,Portland Trail Blazers,98,Box Score,,20292,Rose Garden Arena,
Sun Jan 8 2012,9:30p,Memphis Grizzlies,82,Los Angeles Lakers,90,Box Score,,18997,STAPLES Center,
Mon Jan 9 2012,7:00p,Indiana Pacers,86,Philadelphia 76ers,96,Box Score,,8612,Wells Fargo Center,
Mon Jan 9 2012,7:00p,Minnesota Timberwolves,87,Toronto Raptors,97,Box Score,,14097,Air Canada Centre,
Mon Jan 9 2012,7:30p,Atlanta Hawks,106,New Jersey Nets,101,Box Score,,12259,Prudential Center,
Mon Jan 9 2012,7:30p,Charlotte Bobcats,87,New York Knicks,91,Box Score,,19763,Madison Square Garden (IV),
Mon Jan 9 2012,8:00p,Detroit Pistons,68,Chicago Bulls,92,Box Score,,21530,United Center,
Mon Jan 9 2012,9:00p,New Orleans Hornets,94,Denver Nuggets,81,Box Score,,14002,Pepsi Center,
Tue Jan 10 2012,7:00p,Houston Rockets,82,Charlotte Bobcats,70,Box Score,,13421,Time Warner Cable Arena,
Tue Jan 10 2012,7:00p,Sacramento Kings,85,Philadelphia 76ers,112,Box Score,,10255,Wells Fargo Center,
Tue Jan 10 2012,7:00p,Toronto Raptors,78,Washington Wizards,93,Box Score,,14077,Verizon Center,
Tue Jan 10 2012,7:30p,Dallas Mavericks,100,Detroit Pistons,86,Box Score,,10073,The Palace of Auburn Hills,
Tue Jan 10 2012,8:00p,Oklahoma City Thunder,100,Memphis Grizzlies,95,Box Score,,13601,FedEx Forum,
Tue Jan 10 2012,8:00p,San Antonio Spurs,103,Milwaukee Bucks,106,Box Score,,11585,Bradley Center,
Tue Jan 10 2012,8:00p,Chicago Bulls,111,Minnesota Timberwolves,100,Box Score,,19356,Target Center,
Tue Jan 10 2012,9:00p,Cleveland Cavaliers,105,Utah Jazz,113,Box Score,,17859,EnergySolutions Arena,
Tue Jan 10 2012,10:00p,Los Angeles Clippers,97,Portland Trail Blazers,105,Box Score,,20381,Rose Garden Arena,
Tue Jan 10 2012,10:30p,Miami Heat,106,Golden State Warriors,111,Box Score,OT,19596,Oracle Arena,
Tue Jan 10 2012,10:30p,Phoenix Suns,83,Los Angeles Lakers,99,Box Score,,18997,STAPLES Center,
Wed Jan 11 2012,7:00p,Atlanta Hawks,84,Indiana Pacers,96,Box Score,,10334,Bankers Life Fieldhouse,
Wed Jan 11 2012,7:00p,Sacramento Kings,98,Toronto Raptors,91,Box Score,,14323,Air Canada Centre,
Wed Jan 11 2012,7:30p,Philadelphia 76ers,79,New York Knicks,85,Box Score,,19763,Madison Square Garden (IV),
Wed Jan 11 2012,8:00p,Dallas Mavericks,90,Boston Celtics,85,Box Score,,18624,TD Garden,
Wed Jan 11 2012,8:00p,Washington Wizards,64,Chicago Bulls,78,Box Score,,21366,United Center,
Wed Jan 11 2012,8:00p,Oklahoma City Thunder,95,New Orleans Hornets,85,Box Score,,13565,New Orleans Arena,
Wed Jan 11 2012,8:30p,Houston Rockets,95,San Antonio Spurs,101,Box Score,OT,17381,AT&T Center,
Wed Jan 11 2012,9:00p,New Jersey Nets,115,Denver Nuggets,123,Box Score,,14139,Pepsi Center,
Wed Jan 11 2012,9:00p,Los Angeles Lakers,90,Utah Jazz,87,Box Score,OT,19642,EnergySolutions Arena,
Wed Jan 11 2012,10:00p,Orlando Magic,107,Portland Trail Blazers,104,Box Score,,20467,Rose Garden Arena,
Wed Jan 11 2012,10:30p,Miami Heat,89,Los Angeles Clippers,95,Box Score,OT,19341,STAPLES Center,
Thu Jan 12 2012,7:30p,Charlotte Bobcats,81,Atlanta Hawks,111,Box Score,,10597,Philips Arena,
Thu Jan 12 2012,8:00p,New York Knicks,83,Memphis Grizzlies,94,Box Score,,15324,FedEx Forum,
Thu Jan 12 2012,8:00p,Detroit Pistons,93,Milwaukee Bucks,102,Box Score,,11465,Bradley Center,
Thu Jan 12 2012,9:00p,Cleveland Cavaliers,101,Phoenix Suns,90,Box Score,,14636,US Airways Center,
Thu Jan 12 2012,10:30p,Orlando Magic,117,Golden State Warriors,109,Box Score,,17754,Oracle Arena,
Fri Jan 13 2012,7:00p,Detroit Pistons,98,Charlotte Bobcats,81,Box Score,,18043,Time Warner Cable Arena,
Fri Jan 13 2012,7:00p,Washington Wizards,89,Philadelphia 76ers,120,Box Score,,14213,Wells Fargo Center,
Fri Jan 13 2012,7:00p,Indiana Pacers,95,Toronto Raptors,90,Box Score,,15302,Air Canada Centre,
Fri Jan 13 2012,8:00p,Chicago Bulls,88,Boston Celtics,79,Box Score,,18624,TD Garden,
Fri Jan 13 2012,8:00p,Sacramento Kings,89,Houston Rockets,103,Box Score,,12870,Toyota Center,
Fri Jan 13 2012,8:00p,Minnesota Timberwolves,87,New Orleans Hornets,80,Box Score,,14295,New Orleans Arena,
Fri Jan 13 2012,8:30p,Milwaukee Bucks,76,Dallas Mavericks,102,Box Score,,20112,American Airlines Center,
Fri Jan 13 2012,8:30p,Portland Trail Blazers,83,San Antonio Spurs,99,Box Score,,18581,AT&T Center,
Fri Jan 13 2012,9:00p,New Jersey Nets,110,Phoenix Suns,103,Box Score,,15191,US Airways Center,
Fri Jan 13 2012,10:30p,Miami Heat,104,Denver Nuggets,117,Box Score,,19155,Pepsi Center,
Fri Jan 13 2012,10:30p,Cleveland Cavaliers,92,Los Angeles Lakers,97,Box Score,,18997,STAPLES Center,
Sat Jan 14 2012,7:00p,Minnesota Timberwolves,91,Atlanta Hawks,93,Box Score,,13135,Philips Arena,
Sat Jan 14 2012,7:00p,Golden State Warriors,100,Charlotte Bobcats,112,Box Score,,16122,Time Warner Cable Arena,
Sat Jan 14 2012,7:00p,Boston Celtics,83,Indiana Pacers,97,Box Score,,14203,Bankers Life Fieldhouse,
Sat Jan 14 2012,7:00p,Philadelphia 76ers,103,Washington Wizards,90,Box Score,,13998,Verizon Center,
Sat Jan 14 2012,8:00p,Toronto Raptors,64,Chicago Bulls,77,Box Score,,21962,United Center,
Sat Jan 14 2012,8:00p,Portland Trail Blazers,105,Houston Rockets,107,Box Score,OT,11676,Toyota Center,
Sat Jan 14 2012,8:00p,New Orleans Hornets,99,Memphis Grizzlies,108,Box Score,,14983,FedEx Forum,
Sat Jan 14 2012,8:00p,New York Knicks,92,Oklahoma City Thunder,104,Box Score,,18203,Chesapeake Energy Arena,
Sat Jan 14 2012,9:00p,Sacramento Kings,60,Dallas Mavericks,99,Box Score,,20313,American Airlines Center,
Sat Jan 14 2012,9:00p,New Jersey Nets,94,Utah Jazz,107,Box Score,,19557,EnergySolutions Arena,
Sat Jan 14 2012,10:30p,Los Angeles Lakers,94,Los Angeles Clippers,102,Box Score,,19895,STAPLES Center,
Sun Jan 15 2012,6:00p,Golden State Warriors,99,Detroit Pistons,91,Box Score,,11774,The Palace of Auburn Hills,
Sun Jan 15 2012,8:00p,Utah Jazz,106,Denver Nuggets,96,Box Score,,16208,Pepsi Center,
Sun Jan 15 2012,9:00p,Phoenix Suns,91,San Antonio Spurs,102,Box Score,,18581,AT&T Center,
Mon Jan 16 2012,1:00p,Chicago Bulls,86,Memphis Grizzlies,102,Box Score,,18119,FedEx Forum,
Mon Jan 16 2012,1:00p,Orlando Magic,102,New York Knicks,93,Box Score,,19763,Madison Square Garden (IV),
Mon Jan 16 2012,2:00p,Cleveland Cavaliers,102,Charlotte Bobcats,94,Box Score,,14988,Time Warner Cable Arena,
Mon Jan 16 2012,2:00p,Milwaukee Bucks,82,Philadelphia 76ers,94,Box Score,,17281,Wells Fargo Center,
Mon Jan 16 2012,2:00p,Houston Rockets,114,Washington Wizards,106,Box Score,,15594,Verizon Center,
Mon Jan 16 2012,3:00p,Portland Trail Blazers,84,New Orleans Hornets,77,Box Score,,14758,New Orleans Arena,
Mon Jan 16 2012,3:30p,New Jersey Nets,91,Los Angeles Clippers,101,Box Score,,19060,STAPLES Center,
Mon Jan 16 2012,4:00p,Toronto Raptors,84,Atlanta Hawks,93,Box Score,,11050,Philips Arena,
Mon Jan 16 2012,8:00p,Oklahoma City Thunder,97,Boston Celtics,88,Box Score,,18624,TD Garden,
Mon Jan 16 2012,8:00p,Sacramento Kings,86,Minnesota Timberwolves,99,Box Score,,16159,Target Center,
Mon Jan 16 2012,10:30p,Dallas Mavericks,70,Los Angeles Lakers,73,Box Score,,18997,STAPLES Center,
Tue Jan 17 2012,7:00p,Golden State Warriors,105,Cleveland Cavaliers,95,Box Score,,13056,Quicken Loans Arena,
Tue Jan 17 2012,7:00p,Charlotte Bobcats,89,Orlando Magic,96,Box Score,,18846,Amway Center,
Tue Jan 17 2012,7:30p,San Antonio Spurs,98,Miami Heat,120,Box Score,,19600,AmericanAirlines Arena,
Tue Jan 17 2012,8:00p,Phoenix Suns,97,Chicago Bulls,118,Box Score,,21347,United Center,
Tue Jan 17 2012,8:00p,Detroit Pistons,80,Houston Rockets,97,Box Score,,9318,Toyota Center,
Tue Jan 17 2012,8:00p,Denver Nuggets,105,Milwaukee Bucks,95,Box Score,,11322,Bradley Center,
Tue Jan 17 2012,9:00p,Los Angeles Clippers,79,Utah Jazz,108,Box Score,,19371,EnergySolutions Arena,
Wed Jan 18 2012,7:00p,San Antonio Spurs,85,Orlando Magic,83,Box Score,OT,18846,Amway Center,
Wed Jan 18 2012,7:00p,Denver Nuggets,108,Philadelphia 76ers,104,Box Score,OT,15201,Wells Fargo Center,
Wed Jan 18 2012,7:00p,Oklahoma City Thunder,102,Washington Wizards,105,Box Score,,15075,Verizon Center,
Wed Jan 18 2012,7:30p,Toronto Raptors,73,Boston Celtics,96,Box Score,,18624,TD Garden,
Wed Jan 18 2012,7:30p,Golden State Warriors,100,New Jersey Nets,107,Box Score,,12570,Prudential Center,
Wed Jan 18 2012,7:30p,Phoenix Suns,91,New York Knicks,88,Box Score,,19763,Madison Square Garden (IV),
Wed Jan 18 2012,8:00p,Portland Trail Blazers,89,Atlanta Hawks,92,Box Score,,13729,Philips Arena,
Wed Jan 18 2012,8:00p,Detroit Pistons,85,Minnesota Timberwolves,93,Box Score,,15598,Target Center,
Wed Jan 18 2012,8:00p,Memphis Grizzlies,93,New Orleans Hornets,87,Box Score,,12045,New Orleans Arena,
Wed Jan 18 2012,10:00p,Indiana Pacers,88,Sacramento Kings,92,Box Score,,14170,Power Balance Pavilion,
Wed Jan 18 2012,10:30p,Dallas Mavericks,89,Los Angeles Clippers,91,Box Score,,19252,STAPLES Center,
Thu Jan 19 2012,8:00p,New Orleans Hornets,88,Houston Rockets,90,Box Score,OT,10845,Toyota Center,
Thu Jan 19 2012,8:00p,Los Angeles Lakers,87,Miami Heat,98,Box Score,,20004,AmericanAirlines Arena,
Thu Jan 19 2012,10:30p,Dallas Mavericks,94,Utah Jazz,91,Box Score,,19911,EnergySolutions Arena,
Fri Jan 20 2012,7:00p,Atlanta Hawks,76,Philadelphia 76ers,90,Box Score,,17724,Wells Fargo Center,
Fri Jan 20 2012,7:00p,Portland Trail Blazers,94,Toronto Raptors,84,Box Score,,17537,Air Canada Centre,
Fri Jan 20 2012,7:00p,Denver Nuggets,108,Washington Wizards,104,Box Score,,14866,Verizon Center,
Fri Jan 20 2012,7:30p,Phoenix Suns,79,Boston Celtics,71,Box Score,,18624,TD Garden,
Fri Jan 20 2012,7:30p,Chicago Bulls,114,Cleveland Cavaliers,75,Box Score,,17871,Quicken Loans Arena,
Fri Jan 20 2012,7:30p,Memphis Grizzlies,98,Detroit Pistons,81,Box Score,,10255,The Palace of Auburn Hills,
Fri Jan 20 2012,7:30p,Milwaukee Bucks,100,New York Knicks,86,Box Score,,19763,Madison Square Garden (IV),
Fri Jan 20 2012,8:00p,Los Angeles Lakers,80,Orlando Magic,92,Box Score,,18846,Amway Center,
Fri Jan 20 2012,8:30p,Sacramento Kings,88,San Antonio Spurs,86,Box Score,,18581,AT&T Center,
Fri Jan 20 2012,10:30p,Indiana Pacers,94,Golden State Warriors,91,Box Score,,17621,Oracle Arena,
Fri Jan 20 2012,10:30p,Minnesota Timberwolves,101,Los Angeles Clippers,98,Box Score,,19492,STAPLES Center,
Sat Jan 21 2012,7:00p,Cleveland Cavaliers,94,Atlanta Hawks,121,Box Score,,15922,Philips Arena,
Sat Jan 21 2012,7:30p,Portland Trail Blazers,91,Detroit Pistons,94,Box Score,,14456,The Palace of Auburn Hills,
Sat Jan 21 2012,7:30p,Philadelphia 76ers,92,Miami Heat,113,Box Score,,19725,AmericanAirlines Arena,
Sat Jan 21 2012,7:30p,Denver Nuggets,119,New York Knicks,114,Box Score,2OT,19763,Madison Square Garden (IV),
Sat Jan 21 2012,8:00p,Charlotte Bobcats,89,Chicago Bulls,95,Box Score,,21861,United Center,
Sat Jan 21 2012,8:00p,San Antonio Spurs,102,Houston Rockets,105,Box Score,,15285,Toyota Center,
Sat Jan 21 2012,8:00p,Sacramento Kings,95,Memphis Grizzlies,128,Box Score,,16562,FedEx Forum,
Sat Jan 21 2012,8:00p,Oklahoma City Thunder,84,New Jersey Nets,74,Box Score,,15201,Prudential Center,
Sat Jan 21 2012,8:00p,Dallas Mavericks,83,New Orleans Hornets,81,Box Score,,15471,New Orleans Arena,
Sat Jan 21 2012,9:00p,Minnesota Timberwolves,98,Utah Jazz,108,Box Score,,19911,EnergySolutions Arena,
Sun Jan 22 2012,1:00p,Boston Celtics,100,Washington Wizards,94,Box Score,,15818,Verizon Center,
Sun Jan 22 2012,3:30p,Toronto Raptors,91,Los Angeles Clippers,103,Box Score,,19060,STAPLES Center,
Sun Jan 22 2012,6:00p,Milwaukee Bucks,91,Miami Heat,82,Box Score,,19600,AmericanAirlines Arena,
Sun Jan 22 2012,6:00p,Charlotte Bobcats,87,New Jersey Nets,97,Box Score,,10035,Prudential Center,
Sun Jan 22 2012,9:30p,Indiana Pacers,98,Los Angeles Lakers,96,Box Score,,18997,STAPLES Center,
Mon Jan 23 2012,7:00p,Washington Wizards,83,Philadelphia 76ers,103,Box Score,,10108,Wells Fargo Center,
Mon Jan 23 2012,7:30p,Orlando Magic,56,Boston Celtics,87,Box Score,,18624,TD Garden,
Mon Jan 23 2012,8:00p,New Jersey Nets,95,Chicago Bulls,110,Box Score,,21572,United Center,
Mon Jan 23 2012,8:00p,Atlanta Hawks,97,Milwaukee Bucks,92,Box Score,,13048,Bradley Center,
Mon Jan 23 2012,8:00p,Houston Rockets,107,Minnesota Timberwolves,92,Box Score,,16924,Target Center,
Mon Jan 23 2012,8:00p,San Antonio Spurs,104,New Orleans Hornets,102,Box Score,,12599,New Orleans Arena,
Mon Jan 23 2012,8:00p,Detroit Pistons,79,Oklahoma City Thunder,99,Box Score,,18203,Chesapeake Energy Arena,
Mon Jan 23 2012,8:30p,Phoenix Suns,87,Dallas Mavericks,93,Box Score,,19944,American Airlines Center,
Mon Jan 23 2012,10:00p,Sacramento Kings,89,Portland Trail Blazers,101,Box Score,,20363,Rose Garden Arena,
Mon Jan 23 2012,10:30p,Memphis Grizzlies,91,Golden State Warriors,90,Box Score,,17549,Oracle Arena,
Tue Jan 24 2012,7:00p,New York Knicks,111,Charlotte Bobcats,78,Box Score,,16802,Time Warner Cable Arena,
Tue Jan 24 2012,7:00p,Orlando Magic,102,Indiana Pacers,83,Box Score,,12760,Bankers Life Fieldhouse,
Tue Jan 24 2012,7:30p,Cleveland Cavaliers,85,Miami Heat,92,Box Score,,19600,AmericanAirlines Arena,
Tue Jan 24 2012,9:00p,Toronto Raptors,99,Phoenix Suns,96,Box Score,,15404,US Airways Center,
Tue Jan 24 2012,10:00p,Memphis Grizzlies,84,Portland Trail Blazers,97,Box Score,,20602,Rose Garden Arena,
Wed Jan 25 2012,7:00p,New York Knicks,81,Cleveland Cavaliers,91,Box Score,,16760,Quicken Loans Arena,
Wed Jan 25 2012,7:00p,New Jersey Nets,97,Philadelphia 76ers,90,Box Score,OT,13138,Wells Fargo Center,
Wed Jan 25 2012,7:00p,Charlotte Bobcats,75,Washington Wizards,92,Box Score,,15286,Verizon Center,
Wed Jan 25 2012,7:30p,Miami Heat,101,Detroit Pistons,98,Box Score,,18058,The Palace of Auburn Hills,
Wed Jan 25 2012,8:00p,Indiana Pacers,95,Chicago Bulls,90,Box Score,,21755,United Center,
Wed Jan 25 2012,8:00p,Milwaukee Bucks,105,Houston Rockets,99,Box Score,,10573,Toyota Center,
Wed Jan 25 2012,8:00p,New Orleans Hornets,91,Oklahoma City Thunder,101,Box Score,,18203,Chesapeake Energy Arena,
Wed Jan 25 2012,8:30p,Minnesota Timberwolves,105,Dallas Mavericks,90,Box Score,,20150,American Airlines Center,
Wed Jan 25 2012,8:30p,Atlanta Hawks,83,San Antonio Spurs,105,Box Score,,17888,AT&T Center,
Wed Jan 25 2012,9:00p,Toronto Raptors,111,Utah Jazz,106,Box Score,2OT,19802,EnergySolutions Arena,
Wed Jan 25 2012,10:00p,Denver Nuggets,122,Sacramento Kings,93,Box Score,,12097,Power Balance Pavilion,
Wed Jan 25 2012,10:30p,Portland Trail Blazers,93,Golden State Warriors,101,Box Score,,17923,Oracle Arena,
Wed Jan 25 2012,10:30p,Los Angeles Clippers,91,Los Angeles Lakers,96,Box Score,,18997,STAPLES Center,
Thu Jan 26 2012,8:00p,Boston Celtics,91,Orlando Magic,83,Box Score,,18952,Amway Center,
Thu Jan 26 2012,10:30p,Memphis Grizzlies,91,Los Angeles Clippers,98,Box Score,,19275,STAPLES Center,
Fri Jan 27 2012,7:00p,Charlotte Bobcats,72,Philadelphia 76ers,89,Box Score,,16199,Wells Fargo Center,
Fri Jan 27 2012,7:30p,Indiana Pacers,87,Boston Celtics,94,Box Score,,18624,TD Garden,
Fri Jan 27 2012,7:30p,New Jersey Nets,99,Cleveland Cavaliers,96,Box Score,,13121,Quicken Loans Arena,
Fri Jan 27 2012,7:30p,Atlanta Hawks,107,Detroit Pistons,101,Box Score,OT,14010,The Palace of Auburn Hills,
Fri Jan 27 2012,8:00p,Milwaukee Bucks,100,Chicago Bulls,107,Box Score,,22368,United Center,
Fri Jan 27 2012,8:00p,Washington Wizards,76,Houston Rockets,103,Box Score,,13894,Toyota Center,
Fri Jan 27 2012,8:00p,New York Knicks,89,Miami Heat,99,Box Score,,19707,AmericanAirlines Arena,
Fri Jan 27 2012,8:00p,San Antonio Spurs,79,Minnesota Timberwolves,87,Box Score,,16699,Target Center,
Fri Jan 27 2012,8:00p,Orlando Magic,67,New Orleans Hornets,93,Box Score,,16176,New Orleans Arena,
Fri Jan 27 2012,8:30p,Utah Jazz,101,Dallas Mavericks,116,Box Score,,20096,American Airlines Center,
Fri Jan 27 2012,9:00p,Toronto Raptors,81,Denver Nuggets,96,Box Score,,18855,Pepsi Center,
Fri Jan 27 2012,10:00p,Phoenix Suns,71,Portland Trail Blazers,109,Box Score,,20664,Rose Garden Arena,
Fri Jan 27 2012,10:30p,Oklahoma City Thunder,120,Golden State Warriors,109,Box Score,,19596,Oracle Arena,
Sat Jan 28 2012,7:00p,Washington Wizards,102,Charlotte Bobcats,99,Box Score,,17761,Time Warner Cable Arena,
Sat Jan 28 2012,7:00p,Detroit Pistons,74,Philadelphia 76ers,95,Box Score,,18710,Wells Fargo Center,
Sat Jan 28 2012,8:00p,New York Knicks,84,Houston Rockets,97,Box Score,,18051,Toyota Center,
Sat Jan 28 2012,8:30p,Los Angeles Lakers,89,Milwaukee Bucks,100,Box Score,,18027,Bradley Center,
Sat Jan 28 2012,9:00p,Memphis Grizzlies,84,Phoenix Suns,86,Box Score,,14903,US Airways Center,
Sat Jan 28 2012,9:00p,Sacramento Kings,93,Utah Jazz,96,Box Score,,19911,EnergySolutions Arena,
Sun Jan 29 2012,3:30p,Chicago Bulls,93,Miami Heat,97,Box Score,,20054,AmericanAirlines Arena,
Sun Jan 29 2012,6:00p,Cleveland Cavaliers,88,Boston Celtics,87,Box Score,,18624,TD Garden,
Sun Jan 29 2012,6:00p,Toronto Raptors,94,New Jersey Nets,73,Box Score,,14319,Prudential Center,
Sun Jan 29 2012,6:00p,Indiana Pacers,106,Orlando Magic,85,Box Score,,18846,Amway Center,
Sun Jan 29 2012,6:30p,San Antonio Spurs,100,Dallas Mavericks,101,Box Score,OT,20262,American Airlines Center,
Sun Jan 29 2012,7:00p,Los Angeles Lakers,106,Minnesota Timberwolves,101,Box Score,,17551,Target Center,
Sun Jan 29 2012,7:00p,Atlanta Hawks,94,New Orleans Hornets,72,Box Score,,14962,New Orleans Arena,
Sun Jan 29 2012,8:00p,Los Angeles Clippers,109,Denver Nuggets,105,Box Score,,19495,Pepsi Center,
Mon Jan 30 2012,7:00p,Orlando Magic,69,Philadelphia 76ers,74,Box Score,,16299,Wells Fargo Center,
Mon Jan 30 2012,7:00p,Chicago Bulls,98,Washington Wizards,88,Box Score,,18357,Verizon Center,
Mon Jan 30 2012,7:30p,New Orleans Hornets,95,Miami Heat,109,Box Score,,19804,AmericanAirlines Arena,
Mon Jan 30 2012,8:00p,Minnesota Timberwolves,120,Houston Rockets,108,Box Score,,14264,Toyota Center,
Mon Jan 30 2012,8:00p,San Antonio Spurs,83,Memphis Grizzlies,73,Box Score,,15118,FedEx Forum,
Mon Jan 30 2012,8:00p,Detroit Pistons,82,Milwaukee Bucks,103,Box Score,,13103,Bradley Center,
Mon Jan 30 2012,9:00p,Dallas Mavericks,122,Phoenix Suns,99,Box Score,,13132,US Airways Center,
Mon Jan 30 2012,9:00p,Portland Trail Blazers,89,Utah Jazz,93,Box Score,,19328,EnergySolutions Arena,
Mon Jan 30 2012,10:30p,Oklahoma City Thunder,100,Los Angeles Clippers,112,Box Score,,19404,STAPLES Center,
Tue Jan 31 2012,7:00p,Boston Celtics,93,Cleveland Cavaliers,90,Box Score,,14798,Quicken Loans Arena,
Tue Jan 31 2012,7:00p,New Jersey Nets,99,Indiana Pacers,106,Box Score,,11408,Bankers Life Fieldhouse,
Tue Jan 31 2012,7:00p,Atlanta Hawks,100,Toronto Raptors,77,Box Score,,16117,Air Canada Centre,
Tue Jan 31 2012,7:30p,Detroit Pistons,86,New York Knicks,113,Box Score,,19763,Madison Square Garden (IV),
Tue Jan 31 2012,8:00p,Denver Nuggets,97,Memphis Grizzlies,100,Box Score,OT,13651,FedEx Forum,
Tue Jan 31 2012,10:30p,Sacramento Kings,90,Golden State Warriors,93,Box Score,,17753,Oracle Arena,
Tue Jan 31 2012,10:30p,Charlotte Bobcats,73,Los Angeles Lakers,106,Box Score,,18997,STAPLES Center,
Wed Feb 1 2012,7:00p,Washington Wizards,103,Orlando Magic,109,Box Score,,18846,Amway Center,
Wed Feb 1 2012,7:00p,Chicago Bulls,82,Philadelphia 76ers,98,Box Score,,18325,Wells Fargo Center,
Wed Feb 1 2012,7:30p,Toronto Raptors,64,Boston Celtics,100,Box Score,,18624,TD Garden,
Wed Feb 1 2012,7:30p,Detroit Pistons,96,New Jersey Nets,99,Box Score,,10504,Prudential Center,
Wed Feb 1 2012,8:00p,Oklahoma City Thunder,95,Dallas Mavericks,86,Box Score,,20316,American Airlines Center,
Wed Feb 1 2012,8:00p,Miami Heat,97,Milwaukee Bucks,105,Box Score,,16116,Bradley Center,
Wed Feb 1 2012,8:00p,Indiana Pacers,109,Minnesota Timberwolves,99,Box Score,,15017,Target Center,
Wed Feb 1 2012,8:00p,Phoenix Suns,120,New Orleans Hornets,103,Box Score,,13598,New Orleans Arena,
Wed Feb 1 2012,8:30p,Houston Rockets,91,San Antonio Spurs,99,Box Score,,18581,AT&T Center,
Wed Feb 1 2012,10:00p,Charlotte Bobcats,68,Portland Trail Blazers,112,Box Score,,20608,Rose Garden Arena,
Wed Feb 1 2012,10:30p,Los Angeles Clippers,107,Utah Jazz,105,Box Score,,19637,EnergySolutions Arena,
Thu Feb 2 2012,7:30p,Memphis Grizzlies,96,Atlanta Hawks,77,Box Score,,14211,Philips Arena,
Thu Feb 2 2012,8:00p,Chicago Bulls,105,New York Knicks,102,Box Score,,19763,Madison Square Garden (IV),
Thu Feb 2 2012,8:30p,New Orleans Hornets,81,San Antonio Spurs,93,Box Score,,18082,AT&T Center,
Thu Feb 2 2012,10:00p,Portland Trail Blazers,92,Sacramento Kings,95,Box Score,,11740,Power Balance Pavilion,
Thu Feb 2 2012,10:30p,Utah Jazz,101,Golden State Warriors,119,Box Score,,18123,Oracle Arena,
Thu Feb 2 2012,10:30p,Denver Nuggets,112,Los Angeles Clippers,91,Box Score,,19223,STAPLES Center,
Fri Feb 3 2012,7:00p,Cleveland Cavaliers,94,Orlando Magic,102,Box Score,,18933,Amway Center,
Fri Feb 3 2012,7:00p,Miami Heat,99,Philadelphia 76ers,79,Box Score,,20694,Wells Fargo Center,
Fri Feb 3 2012,7:00p,Washington Wizards,89,Toronto Raptors,106,Box Score,,16382,Air Canada Centre,
Fri Feb 3 2012,7:30p,Milwaukee Bucks,80,Detroit Pistons,88,Box Score,,13181,The Palace of Auburn Hills,
Fri Feb 3 2012,7:30p,Minnesota Timberwolves,108,New Jersey Nets,105,Box Score,,15069,Prudential Center,
Fri Feb 3 2012,8:00p,New York Knicks,89,Boston Celtics,91,Box Score,,18624,TD Garden,
Fri Feb 3 2012,8:00p,Phoenix Suns,81,Houston Rockets,99,Box Score,,15941,Toyota Center,
Fri Feb 3 2012,8:00p,Memphis Grizzlies,94,Oklahoma City Thunder,101,Box Score,,18203,Chesapeake Energy Arena,
Fri Feb 3 2012,8:30p,Indiana Pacers,98,Dallas Mavericks,87,Box Score,,20146,American Airlines Center,
Fri Feb 3 2012,10:30p,Los Angeles Lakers,93,Denver Nuggets,89,Box Score,,19155,Pepsi Center,
Sat Feb 4 2012,7:00p,Philadelphia 76ers,98,Atlanta Hawks,87,Box Score,,18012,Philips Arena,
Sat Feb 4 2012,7:00p,Orlando Magic,85,Indiana Pacers,81,Box Score,,18165,Bankers Life Fieldhouse,
Sat Feb 4 2012,7:00p,Los Angeles Clippers,107,Washington Wizards,81,Box Score,,19419,Verizon Center,
Sat Feb 4 2012,7:30p,Dallas Mavericks,88,Cleveland Cavaliers,91,Box Score,,17443,Quicken Loans Arena,
Sat Feb 4 2012,7:30p,New Orleans Hornets,87,Detroit Pistons,89,Box Score,,13174,The Palace of Auburn Hills,
Sat Feb 4 2012,7:30p,New Jersey Nets,92,New York Knicks,99,Box Score,,19763,Madison Square Garden (IV),
Sat Feb 4 2012,8:00p,Houston Rockets,91,Minnesota Timberwolves,100,Box Score,,19356,Target Center,
Sat Feb 4 2012,8:30p,Chicago Bulls,113,Milwaukee Bucks,90,Box Score,,18717,Bradley Center,
Sat Feb 4 2012,8:30p,Oklahoma City Thunder,96,San Antonio Spurs,107,Box Score,,18581,AT&T Center,
Sat Feb 4 2012,9:00p,Charlotte Bobcats,89,Phoenix Suns,95,Box Score,,14928,US Airways Center,
Sat Feb 4 2012,9:00p,Los Angeles Lakers,87,Utah Jazz,96,Box Score,,19642,EnergySolutions Arena,
Sat Feb 4 2012,10:00p,Denver Nuggets,97,Portland Trail Blazers,117,Box Score,,20583,Rose Garden Arena,
Sat Feb 4 2012,10:00p,Golden State Warriors,106,Sacramento Kings,114,Box Score,OT,16411,Power Balance Pavilion,
Sun Feb 5 2012,12:00p,Memphis Grizzlies,80,Boston Celtics,98,Box Score,,18624,TD Garden,
Sun Feb 5 2012,1:00p,Toronto Raptors,89,Miami Heat,95,Box Score,,19802,AmericanAirlines Arena,
Mon Feb 6 2012,7:00p,Los Angeles Clippers,107,Orlando Magic,102,Box Score,OT,18846,Amway Center,
Mon Feb 6 2012,7:00p,Los Angeles Lakers,90,Philadelphia 76ers,95,Box Score,,20064,Wells Fargo Center,
Mon Feb 6 2012,7:00p,Toronto Raptors,108,Washington Wizards,111,Box Score,OT,14687,Verizon Center,
Mon Feb 6 2012,7:30p,Phoenix Suns,99,Atlanta Hawks,90,Box Score,,11823,Philips Arena,
Mon Feb 6 2012,7:30p,Chicago Bulls,108,New Jersey Nets,87,Box Score,,15327,Prudential Center,
Mon Feb 6 2012,7:30p,Utah Jazz,88,New York Knicks,99,Box Score,,19763,Madison Square Garden (IV),
Mon Feb 6 2012,8:00p,San Antonio Spurs,89,Memphis Grizzlies,84,Box Score,,13527,FedEx Forum,
Mon Feb 6 2012,8:00p,Sacramento Kings,100,New Orleans Hornets,92,Box Score,,13222,New Orleans Arena,
Mon Feb 6 2012,9:00p,Houston Rockets,99,Denver Nuggets,90,Box Score,,14501,Pepsi Center,
Mon Feb 6 2012,10:00p,Oklahoma City Thunder,111,Portland Trail Blazers,107,Box Score,OT,20559,Rose Garden Arena,
Tue Feb 7 2012,7:00p,Utah Jazz,99,Indiana Pacers,104,Box Score,,11006,Bankers Life Fieldhouse,
Tue Feb 7 2012,7:30p,Charlotte Bobcats,84,Boston Celtics,94,Box Score,,18624,TD Garden,
Tue Feb 7 2012,7:30p,Cleveland Cavaliers,91,Miami Heat,107,Box Score,,20078,AmericanAirlines Arena,
Tue Feb 7 2012,8:00p,Phoenix Suns,107,Milwaukee Bucks,105,Box Score,,13203,Bradley Center,
Tue Feb 7 2012,8:00p,Sacramento Kings,84,Minnesota Timberwolves,86,Box Score,,14073,Target Center,
Tue Feb 7 2012,10:30p,Oklahoma City Thunder,119,Golden State Warriors,116,Box Score,,17971,Oracle Arena,
Wed Feb 8 2012,7:00p,Los Angeles Clippers,92,Cleveland Cavaliers,99,Box Score,,17100,Quicken Loans Arena,
Wed Feb 8 2012,7:00p,Miami Heat,89,Orlando Magic,102,Box Score,,18972,Amway Center,
Wed Feb 8 2012,7:00p,San Antonio Spurs,100,Philadelphia 76ers,90,Box Score,,18070,Wells Fargo Center,
Wed Feb 8 2012,7:00p,Milwaukee Bucks,105,Toronto Raptors,99,Box Score,,15291,Air Canada Centre,
Wed Feb 8 2012,7:00p,New York Knicks,107,Washington Wizards,93,Box Score,,17376,Verizon Center,
Wed Feb 8 2012,7:30p,Indiana Pacers,87,Atlanta Hawks,97,Box Score,,16288,Philips Arena,
Wed Feb 8 2012,7:30p,Detroit Pistons,99,New Jersey Nets,92,Box Score,,10145,Prudential Center,
Wed Feb 8 2012,8:00p,Minnesota Timberwolves,80,Memphis Grizzlies,85,Box Score,,13287,FedEx Forum,
Wed Feb 8 2012,8:00p,Chicago Bulls,90,New Orleans Hornets,67,Box Score,,15456,New Orleans Arena,
Wed Feb 8 2012,9:00p,Dallas Mavericks,105,Denver Nuggets,95,Box Score,,15970,Pepsi Center,
Wed Feb 8 2012,10:00p,Houston Rockets,103,Portland Trail Blazers,96,Box Score,,20350,Rose Garden Arena,
Thu Feb 9 2012,8:00p,Los Angeles Lakers,88,Boston Celtics,87,Box Score,OT,18624,TD Garden,
Thu Feb 9 2012,9:00p,Golden State Warriors,109,Denver Nuggets,101,Box Score,,14960,Pepsi Center,
Thu Feb 9 2012,9:00p,Houston Rockets,96,Phoenix Suns,89,Box Score,,16122,US Airways Center,
Thu Feb 9 2012,10:30p,Oklahoma City Thunder,101,Sacramento Kings,106,Box Score,,17317,Power Balance Pavilion,
Fri Feb 10 2012,7:00p,Chicago Bulls,95,Charlotte Bobcats,64,Box Score,,19379,Time Warner Cable Arena,
Fri Feb 10 2012,7:00p,Atlanta Hawks,89,Orlando Magic,87,Box Score,OT,18846,Amway Center,
Fri Feb 10 2012,7:00p,Los Angeles Clippers,78,Philadelphia 76ers,77,Box Score,,20539,Wells Fargo Center,
Fri Feb 10 2012,7:00p,Boston Celtics,74,Toronto Raptors,86,Box Score,,19207,Air Canada Centre,
Fri Feb 10 2012,7:00p,Miami Heat,106,Washington Wizards,89,Box Score,,20282,Verizon Center,
Fri Feb 10 2012,7:30p,Milwaukee Bucks,113,Cleveland Cavaliers,112,Box Score,OT,15195,Quicken Loans Arena,
Fri Feb 10 2012,7:30p,New Jersey Nets,92,Detroit Pistons,109,Box Score,,14320,The Palace of Auburn Hills,
Fri Feb 10 2012,8:00p,Indiana Pacers,92,Memphis Grizzlies,98,Box Score,,16281,FedEx Forum,
Fri Feb 10 2012,8:00p,Dallas Mavericks,104,Minnesota Timberwolves,97,Box Score,,17119,Target Center,
Fri Feb 10 2012,8:00p,Portland Trail Blazers,94,New Orleans Hornets,86,Box Score,,14421,New Orleans Arena,
Fri Feb 10 2012,8:00p,Los Angeles Lakers,85,New York Knicks,92,Box Score,,19763,Madison Square Garden (IV),
Fri Feb 10 2012,10:30p,Oklahoma City Thunder,101,Utah Jazz,87,Box Score,,19911,EnergySolutions Arena,
Sat Feb 11 2012,7:00p,Los Angeles Clippers,111,Charlotte Bobcats,86,Box Score,,19110,Time Warner Cable Arena,
Sat Feb 11 2012,7:00p,Denver Nuggets,113,Indiana Pacers,109,Box Score,,15313,Bankers Life Fieldhouse,
Sat Feb 11 2012,7:30p,Philadelphia 76ers,99,Cleveland Cavaliers,84,Box Score,,17155,Quicken Loans Arena,
Sat Feb 11 2012,8:00p,New York Knicks,100,Minnesota Timberwolves,98,Box Score,,20232,Target Center,
Sat Feb 11 2012,8:00p,San Antonio Spurs,103,New Jersey Nets,89,Box Score,,15272,Prudential Center,
Sat Feb 11 2012,8:30p,Portland Trail Blazers,94,Dallas Mavericks,97,Box Score,2OT,20457,American Airlines Center,
Sat Feb 11 2012,9:00p,Orlando Magic,99,Milwaukee Bucks,94,Box Score,,17723,Bradley Center,
Sat Feb 11 2012,10:00p,Phoenix Suns,98,Sacramento Kings,84,Box Score,,16964,Power Balance Pavilion,
Sun Feb 12 2012,1:00p,Los Angeles Lakers,94,Toronto Raptors,92,Box Score,,19311,Air Canada Centre,
Sun Feb 12 2012,3:30p,Chicago Bulls,91,Boston Celtics,95,Box Score,,18624,TD Garden,
Sun Feb 12 2012,6:00p,Washington Wizards,98,Detroit Pistons,77,Box Score,,12654,The Palace of Auburn Hills,
Sun Feb 12 2012,7:00p,Miami Heat,107,Atlanta Hawks,87,Box Score,,18371,Philips Arena,
Sun Feb 12 2012,9:00p,Houston Rockets,97,Golden State Warriors,106,Box Score,,19596,Oracle Arena,
Sun Feb 12 2012,9:30p,Utah Jazz,98,Memphis Grizzlies,88,Box Score,,14424,FedEx Forum,
Mon Feb 13 2012,7:00p,Philadelphia 76ers,98,Charlotte Bobcats,89,Box Score,,13773,Time Warner Cable Arena,
Mon Feb 13 2012,7:00p,Minnesota Timberwolves,89,Orlando Magic,102,Box Score,,18846,Amway Center,
Mon Feb 13 2012,8:00p,Miami Heat,114,Milwaukee Bucks,96,Box Score,,16749,Bradley Center,
Mon Feb 13 2012,8:00p,Utah Jazz,80,New Orleans Hornets,86,Box Score,,13562,New Orleans Arena,
Mon Feb 13 2012,8:30p,Los Angeles Clippers,92,Dallas Mavericks,96,Box Score,,20436,American Airlines Center,
Mon Feb 13 2012,10:30p,Phoenix Suns,96,Golden State Warriors,102,Box Score,,19106,Oracle Arena,
Tue Feb 14 2012,7:00p,Miami Heat,105,Indiana Pacers,90,Box Score,,18165,Bankers Life Fieldhouse,
Tue Feb 14 2012,7:00p,New York Knicks,90,Toronto Raptors,87,Box Score,,20092,Air Canada Centre,
Tue Feb 14 2012,7:30p,San Antonio Spurs,99,Detroit Pistons,95,Box Score,,11533,The Palace of Auburn Hills,
Tue Feb 14 2012,8:00p,Sacramento Kings,115,Chicago Bulls,121,Box Score,,21936,United Center,
Tue Feb 14 2012,8:00p,Houston Rockets,83,Memphis Grizzlies,93,Box Score,,13042,FedEx Forum,
Tue Feb 14 2012,8:00p,Utah Jazz,85,Oklahoma City Thunder,111,Box Score,,18203,Chesapeake Energy Arena,
Tue Feb 14 2012,9:00p,Phoenix Suns,92,Denver Nuggets,109,Box Score,,17873,Pepsi Center,
Tue Feb 14 2012,10:00p,Washington Wizards,124,Portland Trail Blazers,109,Box Score,,20558,Rose Garden Arena,
Tue Feb 14 2012,10:30p,Atlanta Hawks,78,Los Angeles Lakers,86,Box Score,,18997,STAPLES Center,
Wed Feb 15 2012,7:00p,Philadelphia 76ers,87,Orlando Magic,103,Box Score,,18846,Amway Center,
Wed Feb 15 2012,7:00p,San Antonio Spurs,113,Toronto Raptors,106,Box Score,,15999,Air Canada Centre,
Wed Feb 15 2012,7:30p,Detroit Pistons,98,Boston Celtics,88,Box Score,,18624,TD Garden,
Wed Feb 15 2012,7:30p,Indiana Pacers,87,Cleveland Cavaliers,98,Box Score,,12712,Quicken Loans Arena,
Wed Feb 15 2012,7:30p,Memphis Grizzlies,105,New Jersey Nets,100,Box Score,,10885,Prudential Center,
Wed Feb 15 2012,7:30p,Sacramento Kings,85,New York Knicks,100,Box Score,,19763,Madison Square Garden (IV),
Wed Feb 15 2012,8:00p,Oklahoma City Thunder,95,Houston Rockets,96,Box Score,,18274,Toyota Center,
Wed Feb 15 2012,8:00p,New Orleans Hornets,92,Milwaukee Bucks,89,Box Score,,12829,Bradley Center,
Wed Feb 15 2012,8:00p,Charlotte Bobcats,90,Minnesota Timberwolves,102,Box Score,,15139,Target Center,
Wed Feb 15 2012,8:30p,Denver Nuggets,84,Dallas Mavericks,102,Box Score,,20075,American Airlines Center,
Wed Feb 15 2012,9:00p,Atlanta Hawks,101,Phoenix Suns,99,Box Score,,15392,US Airways Center,
Wed Feb 15 2012,10:00p,Portland Trail Blazers,93,Golden State Warriors,91,Box Score,,17934,Oracle Arena,
Wed Feb 15 2012,10:30p,Washington Wizards,84,Los Angeles Clippers,102,Box Score,,19135,STAPLES Center,
Thu Feb 16 2012,7:00p,New Jersey Nets,88,Indiana Pacers,93,Box Score,,11117,Bankers Life Fieldhouse,
Thu Feb 16 2012,8:00p,Boston Celtics,80,Chicago Bulls,89,Box Score,,22592,United Center,
Thu Feb 16 2012,10:30p,Los Angeles Clippers,74,Portland Trail Blazers,71,Box Score,,20665,Rose Garden Arena,
Fri Feb 17 2012,7:00p,Milwaukee Bucks,85,Orlando Magic,94,Box Score,,18846,Amway Center,
Fri Feb 17 2012,7:00p,Charlotte Bobcats,98,Toronto Raptors,91,Box Score,,15575,Air Canada Centre,
Fri Feb 17 2012,7:30p,Miami Heat,111,Cleveland Cavaliers,87,Box Score,,20562,Quicken Loans Arena,
Fri Feb 17 2012,7:30p,Sacramento Kings,108,Detroit Pistons,114,Box Score,,14686,The Palace of Auburn Hills,
Fri Feb 17 2012,8:00p,Minnesota Timberwolves,111,Houston Rockets,98,Box Score,,16836,Toyota Center,
Fri Feb 17 2012,8:00p,Denver Nuggets,102,Memphis Grizzlies,103,Box Score,,15201,FedEx Forum,
Fri Feb 17 2012,8:00p,New Orleans Hornets,89,New York Knicks,85,Box Score,,19763,Madison Square Garden (IV),
Fri Feb 17 2012,8:00p,Golden State Warriors,87,Oklahoma City Thunder,110,Box Score,,18203,Chesapeake Energy Arena,
Fri Feb 17 2012,8:00p,Dallas Mavericks,82,Philadelphia 76ers,75,Box Score,,19369,Wells Fargo Center,
Fri Feb 17 2012,9:00p,Washington Wizards,100,Utah Jazz,114,Box Score,,18719,EnergySolutions Arena,
Fri Feb 17 2012,10:30p,Phoenix Suns,99,Los Angeles Lakers,111,Box Score,,18997,STAPLES Center,
Sat Feb 18 2012,3:30p,San Antonio Spurs,103,Los Angeles Clippers,100,Box Score,OT,19217,STAPLES Center,
Sat Feb 18 2012,4:00p,New Jersey Nets,97,Chicago Bulls,85,Box Score,,22300,United Center,
Sat Feb 18 2012,8:00p,Golden State Warriors,103,Memphis Grizzlies,104,Box Score,,17151,FedEx Forum,
Sat Feb 18 2012,10:00p,Atlanta Hawks,77,Portland Trail Blazers,97,Box Score,,20635,Rose Garden Arena,
Sun Feb 19 2012,1:00p,Dallas Mavericks,97,New York Knicks,104,Box Score,,19763,Madison Square Garden (IV),
Sun Feb 19 2012,3:30p,Orlando Magic,78,Miami Heat,90,Box Score,,20185,AmericanAirlines Arena,
Sun Feb 19 2012,6:00p,Sacramento Kings,92,Cleveland Cavaliers,93,Box Score,,16812,Quicken Loans Arena,
Sun Feb 19 2012,6:00p,Boston Celtics,81,Detroit Pistons,96,Box Score,,22076,The Palace of Auburn Hills,
Sun Feb 19 2012,6:00p,Charlotte Bobcats,73,Indiana Pacers,108,Box Score,,11673,Bankers Life Fieldhouse,
Sun Feb 19 2012,7:00p,Utah Jazz,85,Houston Rockets,101,Box Score,,16764,Toyota Center,
Sun Feb 19 2012,7:00p,Philadelphia 76ers,91,Minnesota Timberwolves,92,Box Score,,18759,Target Center,
Sun Feb 19 2012,7:00p,Milwaukee Bucks,92,New Jersey Nets,85,Box Score,,15262,Prudential Center,
Sun Feb 19 2012,8:00p,Denver Nuggets,118,Oklahoma City Thunder,124,Box Score,OT,18203,Chesapeake Energy Arena,
Sun Feb 19 2012,8:00p,Los Angeles Lakers,90,Phoenix Suns,102,Box Score,,18023,US Airways Center,
Mon Feb 20 2012,4:00p,Atlanta Hawks,79,Chicago Bulls,90,Box Score,,22033,United Center,
Mon Feb 20 2012,7:30p,New Jersey Nets,100,New York Knicks,92,Box Score,,19763,Madison Square Garden (IV),
Mon Feb 20 2012,8:00p,Boston Celtics,73,Dallas Mavericks,89,Box Score,,20364,American Airlines Center,
Mon Feb 20 2012,8:00p,Memphis Grizzlies,93,Houston Rockets,97,Box Score,,12525,Toyota Center,
Mon Feb 20 2012,8:00p,Orlando Magic,93,Milwaukee Bucks,90,Box Score,,13143,Bradley Center,
Mon Feb 20 2012,8:00p,New Orleans Hornets,93,Oklahoma City Thunder,101,Box Score,,18203,Chesapeake Energy Arena,
Mon Feb 20 2012,9:00p,Minnesota Timberwolves,101,Denver Nuggets,103,Box Score,OT,17263,Pepsi Center,
Mon Feb 20 2012,9:00p,Washington Wizards,88,Phoenix Suns,104,Box Score,,13921,US Airways Center,
Mon Feb 20 2012,9:00p,San Antonio Spurs,106,Utah Jazz,102,Box Score,,19105,EnergySolutions Arena,
Mon Feb 20 2012,10:30p,Los Angeles Clippers,97,Golden State Warriors,104,Box Score,,19596,Oracle Arena,
Mon Feb 20 2012,10:30p,Portland Trail Blazers,92,Los Angeles Lakers,103,Box Score,,18997,STAPLES Center,
Tue Feb 21 2012,7:00p,Detroit Pistons,100,Cleveland Cavaliers,101,Box Score,,13459,Quicken Loans Arena,
Tue Feb 21 2012,7:00p,New Orleans Hornets,108,Indiana Pacers,117,Box Score,OT,10508,Bankers Life Fieldhouse,
Tue Feb 21 2012,7:30p,Sacramento Kings,108,Miami Heat,120,Box Score,,20068,AmericanAirlines Arena,
Tue Feb 21 2012,8:00p,Philadelphia 76ers,76,Memphis Grizzlies,89,Box Score,,14258,FedEx Forum,
Tue Feb 21 2012,10:00p,San Antonio Spurs,97,Portland Trail Blazers,137,Box Score,,20567,Rose Garden Arena,
Wed Feb 22 2012,7:00p,Indiana Pacers,102,Charlotte Bobcats,88,Box Score,,13458,Time Warner Cable Arena,
Wed Feb 22 2012,7:00p,New Orleans Hornets,89,Cleveland Cavaliers,84,Box Score,,13529,Quicken Loans Arena,
Wed Feb 22 2012,7:00p,Boston Celtics,104,Oklahoma City Thunder,119,Box Score,,18203,Chesapeake Energy Arena,
Wed Feb 22 2012,7:00p,Detroit Pistons,93,Toronto Raptors,103,Box Score,,17125,Air Canada Centre,
Wed Feb 22 2012,7:00p,Sacramento Kings,115,Washington Wizards,107,Box Score,,17085,Verizon Center,
Wed Feb 22 2012,7:30p,Orlando Magic,108,New Jersey Nets,91,Box Score,,15364,Prudential Center,
Wed Feb 22 2012,7:30p,Atlanta Hawks,82,New York Knicks,99,Box Score,,19763,Madison Square Garden (IV),
Wed Feb 22 2012,8:00p,Milwaukee Bucks,91,Chicago Bulls,110,Box Score,,21507,United Center,
Wed Feb 22 2012,8:00p,Philadelphia 76ers,87,Houston Rockets,93,Box Score,,12820,Toyota Center,
Wed Feb 22 2012,8:00p,Utah Jazz,98,Minnesota Timberwolves,100,Box Score,,18776,Target Center,
Wed Feb 22 2012,9:00p,Golden State Warriors,106,Phoenix Suns,104,Box Score,,14558,US Airways Center,
Wed Feb 22 2012,9:30p,Los Angeles Lakers,96,Dallas Mavericks,91,Box Score,,20577,American Airlines Center,
Wed Feb 22 2012,10:30p,Denver Nuggets,95,Los Angeles Clippers,103,Box Score,,19163,STAPLES Center,
Thu Feb 23 2012,7:00p,New York Knicks,88,Miami Heat,102,Box Score,,20197,AmericanAirlines Arena,
Thu Feb 23 2012,7:30p,Orlando Magic,78,Atlanta Hawks,83,Box Score,,14523,Philips Arena,
Thu Feb 23 2012,9:00p,San Antonio Spurs,114,Denver Nuggets,99,Box Score,,18875,Pepsi Center,
Thu Feb 23 2012,9:30p,Los Angeles Lakers,85,Oklahoma City Thunder,100,Box Score,,18203,Chesapeake Energy Arena,
Tue Feb 28 2012,7:00p,Boston Celtics,86,Cleveland Cavaliers,83,Box Score,,15971,Quicken Loans Arena,
Tue Feb 28 2012,7:00p,Golden State Warriors,78,Indiana Pacers,102,Box Score,,12111,Bankers Life Fieldhouse,
Tue Feb 28 2012,7:30p,Philadelphia 76ers,97,Detroit Pistons,68,Box Score,,11916,The Palace of Auburn Hills,
Tue Feb 28 2012,8:00p,New Orleans Hornets,95,Chicago Bulls,99,Box Score,,21919,United Center,
Tue Feb 28 2012,8:00p,Toronto Raptors,85,Houston Rockets,88,Box Score,,13337,Toyota Center,
Tue Feb 28 2012,8:00p,Washington Wizards,118,Milwaukee Bucks,119,Box Score,,13548,Bradley Center,
Tue Feb 28 2012,8:30p,New Jersey Nets,93,Dallas Mavericks,92,Box Score,,20170,American Airlines Center,
Tue Feb 28 2012,10:00p,Utah Jazz,96,Sacramento Kings,103,Box Score,,13896,Power Balance Pavilion,
Tue Feb 28 2012,10:30p,Minnesota Timberwolves,109,Los Angeles Clippers,97,Box Score,,19243,STAPLES Center,
Wed Feb 29 2012,7:00p,Oklahoma City Thunder,92,Philadelphia 76ers,88,Box Score,,19746,Wells Fargo Center,
Wed Feb 29 2012,7:00p,Orlando Magic,102,Washington Wizards,95,Box Score,,18688,Verizon Center,
Wed Feb 29 2012,7:30p,Golden State Warriors,85,Atlanta Hawks,82,Box Score,,13049,Philips Arena,
Wed Feb 29 2012,7:30p,Milwaukee Bucks,96,Boston Celtics,102,Box Score,,18624,TD Garden,
Wed Feb 29 2012,7:30p,Charlotte Bobcats,94,Detroit Pistons,109,Box Score,,14534,The Palace of Auburn Hills,
Wed Feb 29 2012,7:30p,Cleveland Cavaliers,103,New York Knicks,120,Box Score,,19763,Madison Square Garden (IV),
Wed Feb 29 2012,8:00p,Dallas Mavericks,85,Memphis Grizzlies,96,Box Score,,17023,FedEx Forum,
Wed Feb 29 2012,8:00p,Toronto Raptors,95,New Orleans Hornets,84,Box Score,,14527,New Orleans Arena,
Wed Feb 29 2012,9:00p,Portland Trail Blazers,95,Denver Nuggets,104,Box Score,,15715,Pepsi Center,
Wed Feb 29 2012,9:00p,Chicago Bulls,96,San Antonio Spurs,89,Box Score,,18581,AT&T Center,
Wed Feb 29 2012,9:00p,Houston Rockets,83,Utah Jazz,104,Box Score,,18816,EnergySolutions Arena,
Wed Feb 29 2012,10:30p,Minnesota Timberwolves,85,Los Angeles Lakers,104,Box Score,,18997,STAPLES Center,
Thu Mar 1 2012,8:00p,Oklahoma City Thunder,105,Orlando Magic,102,Box Score,,18846,Amway Center,
Thu Mar 1 2012,9:00p,Minnesota Timberwolves,95,Phoenix Suns,104,Box Score,,15071,US Airways Center,
Thu Mar 1 2012,10:00p,Los Angeles Clippers,108,Sacramento Kings,100,Box Score,,15512,Power Balance Pavilion,
Thu Mar 1 2012,10:30p,Miami Heat,107,Portland Trail Blazers,93,Box Score,,20597,Rose Garden Arena,
Fri Mar 2 2012,7:00p,Memphis Grizzlies,102,Toronto Raptors,99,Box Score,,17168,Air Canada Centre,
Fri Mar 2 2012,7:30p,Milwaukee Bucks,94,Atlanta Hawks,99,Box Score,,13311,Philips Arena,
Fri Mar 2 2012,7:30p,New Jersey Nets,94,Boston Celtics,107,Box Score,,18624,TD Garden,
Fri Mar 2 2012,7:30p,Chicago Bulls,112,Cleveland Cavaliers,91,Box Score,,20562,Quicken Loans Arena,
Fri Mar 2 2012,8:00p,Denver Nuggets,117,Houston Rockets,105,Box Score,,16879,Toyota Center,
Fri Mar 2 2012,8:00p,Dallas Mavericks,92,New Orleans Hornets,97,Box Score,,15568,New Orleans Arena,
Fri Mar 2 2012,8:00p,Golden State Warriors,83,Philadelphia 76ers,105,Box Score,,18323,Wells Fargo Center,
Fri Mar 2 2012,8:30p,Charlotte Bobcats,72,San Antonio Spurs,102,Box Score,,18581,AT&T Center,
Fri Mar 2 2012,9:00p,Miami Heat,98,Utah Jazz,99,Box Score,,19911,EnergySolutions Arena,
Fri Mar 2 2012,10:30p,Sacramento Kings,107,Los Angeles Lakers,115,Box Score,,18997,STAPLES Center,
Fri Mar 2 2012,10:30p,Los Angeles Clippers,78,Phoenix Suns,81,Box Score,,18091,US Airways Center,
Sat Mar 3 2012,7:00p,Oklahoma City Thunder,90,Atlanta Hawks,97,Box Score,,18087,Philips Arena,
Sat Mar 3 2012,7:00p,Milwaukee Bucks,98,Orlando Magic,114,Box Score,,18846,Amway Center,
Sat Mar 3 2012,7:00p,Cleveland Cavaliers,98,Washington Wizards,101,Box Score,,17759,Verizon Center,
Sat Mar 3 2012,8:00p,Detroit Pistons,83,Memphis Grizzlies,100,Box Score,,17569,FedEx Forum,
Sat Mar 3 2012,8:00p,Indiana Pacers,102,New Orleans Hornets,84,Box Score,,16379,New Orleans Arena,
Sat Mar 3 2012,8:30p,Utah Jazz,96,Dallas Mavericks,102,Box Score,,20560,American Airlines Center,
Sat Mar 3 2012,10:00p,Minnesota Timberwolves,122,Portland Trail Blazers,110,Box Score,,20644,Rose Garden Arena,
Sun Mar 4 2012,1:00p,New York Knicks,111,Boston Celtics,115,Box Score,OT,18624,TD Garden,
Sun Mar 4 2012,3:30p,Miami Heat,83,Los Angeles Lakers,93,Box Score,,18997,STAPLES Center,
Sun Mar 4 2012,6:00p,New Jersey Nets,104,Charlotte Bobcats,101,Box Score,,13564,Time Warner Cable Arena,
Sun Mar 4 2012,6:00p,Golden State Warriors,75,Toronto Raptors,83,Box Score,,18056,Air Canada Centre,
Sun Mar 4 2012,7:00p,Los Angeles Clippers,105,Houston Rockets,103,Box Score,OT,16646,Toyota Center,
Sun Mar 4 2012,7:00p,Chicago Bulls,96,Philadelphia 76ers,91,Box Score,,19683,Wells Fargo Center,
Sun Mar 4 2012,8:00p,Sacramento Kings,88,Phoenix Suns,96,Box Score,,15026,US Airways Center,
Sun Mar 4 2012,9:30p,Denver Nuggets,99,San Antonio Spurs,94,Box Score,,18581,AT&T Center,
Mon Mar 5 2012,7:00p,Utah Jazz,109,Cleveland Cavaliers,100,Box Score,,13190,Quicken Loans Arena,
Mon Mar 5 2012,7:00p,Orlando Magic,92,Toronto Raptors,88,Box Score,,15392,Air Canada Centre,
Mon Mar 5 2012,7:00p,Golden State Warriors,120,Washington Wizards,100,Box Score,,17843,Verizon Center,
Mon Mar 5 2012,8:00p,Indiana Pacers,72,Chicago Bulls,92,Box Score,,22106,United Center,
Mon Mar 5 2012,8:00p,Philadelphia 76ers,93,Milwaukee Bucks,97,Box Score,,12315,Bradley Center,
Mon Mar 5 2012,8:00p,Los Angeles Clippers,94,Minnesota Timberwolves,95,Box Score,,19509,Target Center,
Mon Mar 5 2012,8:00p,Dallas Mavericks,91,Oklahoma City Thunder,95,Box Score,,18203,Chesapeake Energy Arena,
Mon Mar 5 2012,9:00p,Sacramento Kings,116,Denver Nuggets,119,Box Score,OT,14823,Pepsi Center,
Mon Mar 5 2012,10:00p,New Orleans Hornets,74,Portland Trail Blazers,86,Box Score,,20520,Rose Garden Arena,
Tue Mar 6 2012,7:00p,Orlando Magic,84,Charlotte Bobcats,100,Box Score,,13110,Time Warner Cable Arena,
Tue Mar 6 2012,7:00p,Atlanta Hawks,101,Indiana Pacers,96,Box Score,,11393,Bankers Life Fieldhouse,
Tue Mar 6 2012,7:30p,Houston Rockets,92,Boston Celtics,97,Box Score,OT,18624,TD Garden,
Tue Mar 6 2012,7:30p,Los Angeles Lakers,85,Detroit Pistons,88,Box Score,OT,22076,The Palace of Auburn Hills,
Tue Mar 6 2012,7:30p,New Jersey Nets,78,Miami Heat,108,Box Score,,19600,AmericanAirlines Arena,
Tue Mar 6 2012,8:30p,New York Knicks,85,Dallas Mavericks,95,Box Score,,20605,American Airlines Center,
Wed Mar 7 2012,7:00p,Utah Jazz,99,Charlotte Bobcats,93,Box Score,,10891,Time Warner Cable Arena,
Wed Mar 7 2012,7:00p,Boston Celtics,71,Philadelphia 76ers,103,Box Score,,18508,Wells Fargo Center,
Wed Mar 7 2012,7:00p,Houston Rockets,98,Toronto Raptors,116,Box Score,,14597,Air Canada Centre,
Wed Mar 7 2012,7:00p,Los Angeles Lakers,101,Washington Wizards,106,Box Score,,20282,Verizon Center,
Wed Mar 7 2012,7:30p,Atlanta Hawks,86,Miami Heat,89,Box Score,,20018,AmericanAirlines Arena,
Wed Mar 7 2012,8:00p,Chicago Bulls,106,Milwaukee Bucks,104,Box Score,,15389,Bradley Center,
Wed Mar 7 2012,8:00p,Portland Trail Blazers,94,Minnesota Timberwolves,106,Box Score,,17118,Target Center,
Wed Mar 7 2012,8:00p,Los Angeles Clippers,100,New Jersey Nets,101,Box Score,,18711,Prudential Center,
Wed Mar 7 2012,8:00p,Phoenix Suns,104,Oklahoma City Thunder,115,Box Score,,18203,Chesapeake Energy Arena,
Wed Mar 7 2012,8:30p,New York Knicks,105,San Antonio Spurs,118,Box Score,,18581,AT&T Center,
Wed Mar 7 2012,9:00p,Cleveland Cavaliers,100,Denver Nuggets,99,Box Score,,15816,Pepsi Center,
Wed Mar 7 2012,10:00p,New Orleans Hornets,98,Sacramento Kings,99,Box Score,,13487,Power Balance Pavilion,
Wed Mar 7 2012,10:30p,Memphis Grizzlies,110,Golden State Warriors,92,Box Score,,19171,Oracle Arena,
Thu Mar 8 2012,8:00p,Orlando Magic,99,Chicago Bulls,94,Box Score,,22127,United Center,
Thu Mar 8 2012,10:30p,Dallas Mavericks,94,Phoenix Suns,96,Box Score,,15498,US Airways Center,
Fri Mar 9 2012,7:00p,New Jersey Nets,83,Charlotte Bobcats,74,Box Score,,14672,Time Warner Cable Arena,
Fri Mar 9 2012,7:00p,Utah Jazz,91,Philadelphia 76ers,104,Box Score,,18512,Wells Fargo Center,
Fri Mar 9 2012,7:30p,Portland Trail Blazers,86,Boston Celtics,104,Box Score,,18624,TD Garden,
Fri Mar 9 2012,7:30p,Atlanta Hawks,85,Detroit Pistons,86,Box Score,,15503,The Palace of Auburn Hills,
Fri Mar 9 2012,8:00p,Los Angeles Lakers,105,Minnesota Timberwolves,102,Box Score,,20164,Target Center,
Fri Mar 9 2012,8:00p,Cleveland Cavaliers,96,Oklahoma City Thunder,90,Box Score,,18203,Chesapeake Energy Arena,
Fri Mar 9 2012,8:30p,New York Knicks,114,Milwaukee Bucks,119,Box Score,,18717,Bradley Center,
Fri Mar 9 2012,8:30p,Los Angeles Clippers,120,San Antonio Spurs,108,Box Score,,18581,AT&T Center,
Fri Mar 9 2012,9:00p,New Orleans Hornets,97,Denver Nuggets,110,Box Score,,19155,Pepsi Center,
Fri Mar 9 2012,10:00p,Dallas Mavericks,97,Sacramento Kings,110,Box Score,,16857,Power Balance Pavilion,
Sat Mar 10 2012,7:00p,Portland Trail Blazers,110,Washington Wizards,99,Box Score,,18071,Verizon Center,
Sat Mar 10 2012,7:30p,Toronto Raptors,86,Detroit Pistons,105,Box Score,,16090,The Palace of Auburn Hills,
Sat Mar 10 2012,7:30p,Indiana Pacers,91,Miami Heat,93,Box Score,OT,20154,AmericanAirlines Arena,
Sat Mar 10 2012,8:00p,Utah Jazz,97,Chicago Bulls,111,Box Score,,22158,United Center,
Sat Mar 10 2012,8:00p,New Orleans Hornets,95,Minnesota Timberwolves,89,Box Score,,20123,Target Center,
Sat Mar 10 2012,8:00p,Houston Rockets,112,New Jersey Nets,106,Box Score,,14834,Prudential Center,
Sat Mar 10 2012,8:00p,Charlotte Bobcats,95,Oklahoma City Thunder,122,Box Score,,18203,Chesapeake Energy Arena,
Sat Mar 10 2012,9:00p,Memphis Grizzlies,91,Phoenix Suns,98,Box Score,,16350,US Airways Center,
Sat Mar 10 2012,10:30p,Dallas Mavericks,87,Golden State Warriors,111,Box Score,,19596,Oracle Arena,
Sun Mar 11 2012,12:00p,Philadelphia 76ers,106,New York Knicks,94,Box Score,,19763,Madison Square Garden (IV),
Sun Mar 11 2012,3:30p,Boston Celtics,94,Los Angeles Lakers,97,Box Score,,18997,STAPLES Center,
Sun Mar 11 2012,6:00p,Houston Rockets,107,Cleveland Cavaliers,118,Box Score,,17662,Quicken Loans Arena,
Sun Mar 11 2012,6:00p,Indiana Pacers,94,Orlando Magic,107,Box Score,,18846,Amway Center,
Sun Mar 11 2012,6:00p,Milwaukee Bucks,105,Toronto Raptors,99,Box Score,,17316,Air Canada Centre,
Sun Mar 11 2012,8:00p,Memphis Grizzlies,94,Denver Nuggets,91,Box Score,,17737,Pepsi Center,
Sun Mar 11 2012,9:00p,Atlanta Hawks,106,Sacramento Kings,99,Box Score,,13976,Power Balance Pavilion,
Sun Mar 11 2012,9:30p,Golden State Warriors,97,Los Angeles Clippers,93,Box Score,,19183,STAPLES Center,
Mon Mar 12 2012,7:30p,Milwaukee Bucks,105,New Jersey Nets,99,Box Score,,12930,Prudential Center,
Mon Mar 12 2012,8:00p,New York Knicks,99,Chicago Bulls,104,Box Score,,22863,United Center,
Mon Mar 12 2012,8:00p,Charlotte Bobcats,73,New Orleans Hornets,71,Box Score,,15254,New Orleans Arena,
Mon Mar 12 2012,8:30p,Washington Wizards,97,San Antonio Spurs,112,Box Score,,18581,AT&T Center,
Mon Mar 12 2012,9:00p,Detroit Pistons,90,Utah Jazz,105,Box Score,,19393,EnergySolutions Arena,
Mon Mar 12 2012,10:00p,Minnesota Timberwolves,127,Phoenix Suns,124,Box Score,,14568,US Airways Center,
Mon Mar 12 2012,10:30p,Boston Celtics,94,Los Angeles Clippers,85,Box Score,,19464,STAPLES Center,
Tue Mar 13 2012,7:00p,Toronto Raptors,96,Cleveland Cavaliers,88,Box Score,,14203,Quicken Loans Arena,
Tue Mar 13 2012,7:00p,Portland Trail Blazers,75,Indiana Pacers,92,Box Score,,10933,Bankers Life Fieldhouse,
Tue Mar 13 2012,7:00p,Miami Heat,98,Orlando Magic,104,Box Score,OT,18879,Amway Center,
Tue Mar 13 2012,8:00p,Los Angeles Lakers,116,Memphis Grizzlies,111,Box Score,2OT,18119,FedEx Forum,
Tue Mar 13 2012,8:00p,Houston Rockets,104,Oklahoma City Thunder,103,Box Score,,18203,Chesapeake Energy Arena,
Tue Mar 13 2012,8:30p,Washington Wizards,98,Dallas Mavericks,107,Box Score,,20319,American Airlines Center,
Tue Mar 13 2012,9:00p,Atlanta Hawks,117,Denver Nuggets,118,Box Score,OT,15594,Pepsi Center,
Tue Mar 13 2012,10:00p,Golden State Warriors,115,Sacramento Kings,89,Box Score,,12011,Power Balance Pavilion,
Wed Mar 14 2012,7:00p,Philadelphia 76ers,94,Indiana Pacers,111,Box Score,,13081,Bankers Life Fieldhouse,
Wed Mar 14 2012,7:30p,Toronto Raptors,84,New Jersey Nets,98,Box Score,,10701,Prudential Center,
Wed Mar 14 2012,7:30p,Portland Trail Blazers,79,New York Knicks,121,Box Score,,19763,Madison Square Garden (IV),
Wed Mar 14 2012,8:00p,Charlotte Bobcats,87,Houston Rockets,107,Box Score,,18128,Toyota Center,
Wed Mar 14 2012,8:00p,Cleveland Cavaliers,105,Milwaukee Bucks,115,Box Score,,15319,Bradley Center,
Wed Mar 14 2012,8:00p,Los Angeles Lakers,107,New Orleans Hornets,101,Box Score,OT,17272,New Orleans Arena,
Wed Mar 14 2012,8:30p,Orlando Magic,111,San Antonio Spurs,122,Box Score,,18581,AT&T Center,
Wed Mar 14 2012,9:30p,Miami Heat,102,Chicago Bulls,106,Box Score,,23028,United Center,
Wed Mar 14 2012,10:00p,Detroit Pistons,124,Sacramento Kings,112,Box Score,,12173,Power Balance Pavilion,
Wed Mar 14 2012,10:30p,Boston Celtics,105,Golden State Warriors,103,Box Score,,19596,Oracle Arena,
Wed Mar 14 2012,10:30p,Atlanta Hawks,82,Los Angeles Clippers,96,Box Score,,19060,STAPLES Center,
Wed Mar 14 2012,10:30p,Utah Jazz,111,Phoenix Suns,120,Box Score,,14076,US Airways Center,
Thu Mar 15 2012,8:00p,Washington Wizards,99,New Orleans Hornets,89,Box Score,,14256,New Orleans Arena,
Thu Mar 15 2012,8:30p,Charlotte Bobcats,96,Dallas Mavericks,101,Box Score,,20507,American Airlines Center,
Thu Mar 15 2012,9:00p,Oklahoma City Thunder,103,Denver Nuggets,90,Box Score,,18458,Pepsi Center,
Thu Mar 15 2012,9:00p,Minnesota Timberwolves,105,Utah Jazz,111,Box Score,OT,18053,EnergySolutions Arena,
Thu Mar 15 2012,10:30p,Phoenix Suns,91,Los Angeles Clippers,87,Box Score,,19060,STAPLES Center,
Fri Mar 16 2012,7:00p,New Jersey Nets,70,Orlando Magic,86,Box Score,,18938,Amway Center,
Fri Mar 16 2012,7:00p,Miami Heat,84,Philadelphia 76ers,78,Box Score,,20396,Wells Fargo Center,
Fri Mar 16 2012,7:30p,Washington Wizards,88,Atlanta Hawks,102,Box Score,,15241,Philips Arena,
Fri Mar 16 2012,7:30p,Indiana Pacers,100,New York Knicks,115,Box Score,,19763,Madison Square Garden (IV),
Fri Mar 16 2012,8:00p,Portland Trail Blazers,100,Chicago Bulls,89,Box Score,,22022,United Center,
Fri Mar 16 2012,8:00p,Toronto Raptors,114,Memphis Grizzlies,110,Box Score,OT,17239,FedEx Forum,
Fri Mar 16 2012,9:30p,San Antonio Spurs,114,Oklahoma City Thunder,105,Box Score,,18203,Chesapeake Energy Arena,
Fri Mar 16 2012,10:00p,Detroit Pistons,101,Phoenix Suns,109,Box Score,,17148,US Airways Center,
Fri Mar 16 2012,10:00p,Boston Celtics,95,Sacramento Kings,120,Box Score,,17317,Power Balance Pavilion,
Fri Mar 16 2012,10:30p,Milwaukee Bucks,120,Golden State Warriors,98,Box Score,,19596,Oracle Arena,
Fri Mar 16 2012,10:30p,Minnesota Timberwolves,92,Los Angeles Lakers,97,Box Score,,18997,STAPLES Center,
Sat Mar 17 2012,3:30p,Houston Rockets,91,Los Angeles Clippers,95,Box Score,,19060,STAPLES Center,
Sat Mar 17 2012,7:00p,Toronto Raptors,103,Charlotte Bobcats,107,Box Score,,15108,Time Warner Cable Arena,
Sat Mar 17 2012,7:00p,New York Knicks,102,Indiana Pacers,88,Box Score,,18165,Bankers Life Fieldhouse,
Sat Mar 17 2012,8:00p,Philadelphia 76ers,80,Chicago Bulls,89,Box Score,,22225,United Center,
Sat Mar 17 2012,8:00p,New Orleans Hornets,102,New Jersey Nets,94,Box Score,,11271,Prudential Center,
Sat Mar 17 2012,9:00p,San Antonio Spurs,99,Dallas Mavericks,106,Box Score,,20528,American Airlines Center,
Sat Mar 17 2012,9:00p,Boston Celtics,91,Denver Nuggets,98,Box Score,,19003,Pepsi Center,
Sat Mar 17 2012,9:00p,Golden State Warriors,92,Utah Jazz,99,Box Score,OT,17854,EnergySolutions Arena,
Sun Mar 18 2012,3:00p,Atlanta Hawks,103,Cleveland Cavaliers,87,Box Score,,15645,Quicken Loans Arena,
Sun Mar 18 2012,3:30p,Detroit Pistons,83,Los Angeles Clippers,87,Box Score,OT,19060,STAPLES Center,
Sun Mar 18 2012,6:00p,Washington Wizards,92,Memphis Grizzlies,97,Box Score,,15412,FedEx Forum,
Sun Mar 18 2012,6:00p,Minnesota Timberwolves,99,Sacramento Kings,115,Box Score,,15616,Power Balance Pavilion,
Sun Mar 18 2012,7:00p,Orlando Magic,81,Miami Heat,91,Box Score,,20003,AmericanAirlines Arena,
Sun Mar 18 2012,9:00p,Houston Rockets,86,Phoenix Suns,99,Box Score,,15645,US Airways Center,
Sun Mar 18 2012,9:30p,Utah Jazz,103,Los Angeles Lakers,99,Box Score,,18997,STAPLES Center,
Sun Mar 18 2012,9:30p,Portland Trail Blazers,95,Oklahoma City Thunder,111,Box Score,,18203,Chesapeake Energy Arena,
Mon Mar 19 2012,7:00p,Philadelphia 76ers,105,Charlotte Bobcats,80,Box Score,,12792,Time Warner Cable Arena,
Mon Mar 19 2012,7:30p,Boston Celtics,79,Atlanta Hawks,76,Box Score,,16412,Philips Arena,
Mon Mar 19 2012,7:30p,Cleveland Cavaliers,105,New Jersey Nets,100,Box Score,,11254,Prudential Center,
Mon Mar 19 2012,8:00p,Chicago Bulls,85,Orlando Magic,59,Box Score,,18998,Amway Center,
Mon Mar 19 2012,10:30p,Dallas Mavericks,112,Denver Nuggets,95,Box Score,,16683,Pepsi Center,
Mon Mar 19 2012,10:30p,Minnesota Timberwolves,97,Golden State Warriors,93,Box Score,,19596,Oracle Arena,
Tue Mar 20 2012,7:00p,Los Angeles Clippers,89,Indiana Pacers,102,Box Score,,14901,Bankers Life Fieldhouse,
Tue Mar 20 2012,7:30p,Phoenix Suns,95,Miami Heat,99,Box Score,,20212,AmericanAirlines Arena,
Tue Mar 20 2012,7:30p,Toronto Raptors,87,New York Knicks,106,Box Score,,19763,Madison Square Garden (IV),
Tue Mar 20 2012,8:00p,Los Angeles Lakers,104,Houston Rockets,107,Box Score,,18391,Toyota Center,
Tue Mar 20 2012,9:00p,Oklahoma City Thunder,90,Utah Jazz,97,Box Score,,18138,EnergySolutions Arena,
Tue Mar 20 2012,10:00p,Milwaukee Bucks,116,Portland Trail Blazers,87,Box Score,,20387,Rose Garden Arena,
Tue Mar 20 2012,10:00p,Memphis Grizzlies,110,Sacramento Kings,119,Box Score,,11105,Power Balance Pavilion,
Wed Mar 21 2012,7:00p,Phoenix Suns,93,Orlando Magic,103,Box Score,,18930,Amway Center,
Wed Mar 21 2012,7:00p,New York Knicks,82,Philadelphia 76ers,79,Box Score,,20470,Wells Fargo Center,
Wed Mar 21 2012,7:00p,Chicago Bulls,94,Toronto Raptors,82,Box Score,,17869,Air Canada Centre,
Wed Mar 21 2012,7:30p,Cleveland Cavaliers,102,Atlanta Hawks,103,Box Score,OT,12331,Philips Arena,
Wed Mar 21 2012,7:30p,Washington Wizards,108,New Jersey Nets,89,Box Score,,10097,Prudential Center,
Wed Mar 21 2012,8:00p,Golden State Warriors,101,New Orleans Hornets,92,Box Score,,13959,New Orleans Arena,
Wed Mar 21 2012,8:00p,Los Angeles Clippers,91,Oklahoma City Thunder,114,Box Score,,18203,Chesapeake Energy Arena,
Wed Mar 21 2012,8:30p,Minnesota Timberwolves,100,San Antonio Spurs,116,Box Score,,18581,AT&T Center,
Wed Mar 21 2012,9:00p,Detroit Pistons,115,Denver Nuggets,116,Box Score,,16681,Pepsi Center,
Wed Mar 21 2012,9:30p,Los Angeles Lakers,109,Dallas Mavericks,93,Box Score,,20664,American Airlines Center,
Thu Mar 22 2012,7:00p,Indiana Pacers,85,Washington Wizards,83,Box Score,,15874,Verizon Center,
Thu Mar 22 2012,8:00p,Golden State Warriors,83,Houston Rockets,109,Box Score,,15325,Toyota Center,
Thu Mar 22 2012,8:00p,Boston Celtics,100,Milwaukee Bucks,91,Box Score,,15171,Bradley Center,
Thu Mar 22 2012,8:00p,Los Angeles Clippers,90,New Orleans Hornets,97,Box Score,,17209,New Orleans Arena,
Thu Mar 22 2012,10:00p,Memphis Grizzlies,93,Portland Trail Blazers,97,Box Score,,20636,Rose Garden Arena,
Thu Mar 22 2012,10:00p,Utah Jazz,103,Sacramento Kings,102,Box Score,,11646,Power Balance Pavilion,
Fri Mar 23 2012,7:00p,Milwaukee Bucks,112,Charlotte Bobcats,92,Box Score,,13729,Time Warner Cable Arena,
Fri Mar 23 2012,7:00p,Phoenix Suns,113,Indiana Pacers,111,Box Score,,14786,Bankers Life Fieldhouse,
Fri Mar 23 2012,7:00p,Cleveland Cavaliers,80,Orlando Magic,93,Box Score,,18846,Amway Center,
Fri Mar 23 2012,7:00p,New York Knicks,79,Toronto Raptors,96,Box Score,,19800,Air Canada Centre,
Fri Mar 23 2012,7:30p,New Jersey Nets,84,Atlanta Hawks,93,Box Score,,14129,Philips Arena,
Fri Mar 23 2012,7:30p,Miami Heat,88,Detroit Pistons,73,Box Score,,22076,The Palace of Auburn Hills,
Fri Mar 23 2012,8:00p,Minnesota Timberwolves,140,Oklahoma City Thunder,149,Box Score,2OT,18203,Chesapeake Energy Arena,
Fri Mar 23 2012,8:00p,Boston Celtics,86,Philadelphia 76ers,99,Box Score,,19583,Wells Fargo Center,
Fri Mar 23 2012,8:30p,Dallas Mavericks,87,San Antonio Spurs,104,Box Score,,18581,AT&T Center,
Fri Mar 23 2012,10:30p,Portland Trail Blazers,96,Los Angeles Lakers,103,Box Score,,18997,STAPLES Center,
Fri Mar 23 2012,10:30p,Denver Nuggets,102,Utah Jazz,121,Box Score,,19250,EnergySolutions Arena,
Sat Mar 24 2012,3:00p,Memphis Grizzlies,85,Los Angeles Clippers,101,Box Score,,19060,STAPLES Center,
Sat Mar 24 2012,7:00p,Atlanta Hawks,95,Washington Wizards,92,Box Score,,18588,Verizon Center,
Sat Mar 24 2012,7:30p,Charlotte Bobcats,89,New Jersey Nets,102,Box Score,,13297,Prudential Center,
Sat Mar 24 2012,7:30p,Detroit Pistons,79,New York Knicks,101,Box Score,,19763,Madison Square Garden (IV),
Sat Mar 24 2012,8:00p,Toronto Raptors,101,Chicago Bulls,102,Box Score,OT,21841,United Center,
Sat Mar 24 2012,8:00p,Dallas Mavericks,101,Houston Rockets,99,Box Score,OT,18193,Toyota Center,
Sat Mar 24 2012,8:00p,San Antonio Spurs,89,New Orleans Hornets,86,Box Score,,16118,New Orleans Arena,
Sat Mar 24 2012,8:30p,Indiana Pacers,125,Milwaukee Bucks,104,Box Score,,16207,Bradley Center,
Sat Mar 24 2012,10:30p,Sacramento Kings,108,Golden State Warriors,111,Box Score,,19596,Oracle Arena,
Sun Mar 25 2012,3:00p,Phoenix Suns,108,Cleveland Cavaliers,83,Box Score,,17307,Quicken Loans Arena,
Sun Mar 25 2012,3:30p,Denver Nuggets,100,Minnesota Timberwolves,117,Box Score,,20023,Target Center,
Sun Mar 25 2012,6:00p,Utah Jazz,133,Atlanta Hawks,139,Box Score,4OT,13544,Philips Arena,
Sun Mar 25 2012,6:00p,Washington Wizards,76,Boston Celtics,88,Box Score,,18624,TD Garden,
Sun Mar 25 2012,7:00p,Philadelphia 76ers,76,San Antonio Spurs,93,Box Score,,18581,AT&T Center,
Sun Mar 25 2012,8:00p,Miami Heat,87,Oklahoma City Thunder,103,Box Score,,18203,Chesapeake Energy Arena,
Sun Mar 25 2012,9:00p,Golden State Warriors,87,Portland Trail Blazers,90,Box Score,,20636,Rose Garden Arena,
Sun Mar 25 2012,10:30p,Memphis Grizzlies,102,Los Angeles Lakers,96,Box Score,,18997,STAPLES Center,
Mon Mar 26 2012,7:00p,Boston Celtics,102,Charlotte Bobcats,95,Box Score,,16357,Time Warner Cable Arena,
Mon Mar 26 2012,7:00p,Miami Heat,90,Indiana Pacers,105,Box Score,,17415,Bankers Life Fieldhouse,
Mon Mar 26 2012,7:00p,Orlando Magic,117,Toronto Raptors,101,Box Score,,16429,Air Canada Centre,
Mon Mar 26 2012,7:00p,Detroit Pistons,79,Washington Wizards,77,Box Score,,15911,Verizon Center,
Mon Mar 26 2012,7:30p,Utah Jazz,105,New Jersey Nets,84,Box Score,,10310,Prudential Center,
Mon Mar 26 2012,7:30p,Milwaukee Bucks,80,New York Knicks,89,Box Score,,19763,Madison Square Garden (IV),
Mon Mar 26 2012,8:00p,Denver Nuggets,108,Chicago Bulls,91,Box Score,,22274,United Center,
Mon Mar 26 2012,8:00p,Sacramento Kings,106,Houston Rockets,113,Box Score,OT,13572,Toyota Center,
Mon Mar 26 2012,10:30p,New Orleans Hornets,85,Los Angeles Clippers,97,Box Score,,19060,STAPLES Center,
Tue Mar 27 2012,7:00p,Cleveland Cavaliers,85,Philadelphia 76ers,103,Box Score,,17832,Wells Fargo Center,
Tue Mar 27 2012,8:00p,Minnesota Timberwolves,86,Memphis Grizzlies,93,Box Score,,14769,FedEx Forum,
Tue Mar 27 2012,8:00p,Atlanta Hawks,101,Milwaukee Bucks,108,Box Score,,12223,Bradley Center,
Tue Mar 27 2012,8:30p,Houston Rockets,81,Dallas Mavericks,90,Box Score,,20359,American Airlines Center,
Tue Mar 27 2012,10:00p,San Antonio Spurs,107,Phoenix Suns,100,Box Score,,16573,US Airways Center,
Tue Mar 27 2012,10:00p,Oklahoma City Thunder,109,Portland Trail Blazers,95,Box Score,,20626,Rose Garden Arena,
Tue Mar 27 2012,10:30p,Los Angeles Lakers,104,Golden State Warriors,101,Box Score,,19596,Oracle Arena,
Wed Mar 28 2012,7:00p,Minnesota Timberwolves,88,Charlotte Bobcats,83,Box Score,,10540,Time Warner Cable Arena,
Wed Mar 28 2012,7:00p,Detroit Pistons,87,Cleveland Cavaliers,75,Box Score,,14486,Quicken Loans Arena,
Wed Mar 28 2012,7:00p,Orlando Magic,86,New York Knicks,108,Box Score,,19763,Madison Square Garden (IV),
Wed Mar 28 2012,7:00p,Denver Nuggets,96,Toronto Raptors,105,Box Score,,15867,Air Canada Centre,
Wed Mar 28 2012,7:30p,Chicago Bulls,98,Atlanta Hawks,77,Box Score,,16290,Philips Arena,
Wed Mar 28 2012,7:30p,Utah Jazz,82,Boston Celtics,94,Box Score,,18624,TD Garden,
Wed Mar 28 2012,7:30p,Indiana Pacers,84,New Jersey Nets,100,Box Score,,10817,Prudential Center,
Wed Mar 28 2012,10:00p,San Antonio Spurs,117,Sacramento Kings,112,Box Score,,13119,Power Balance Pavilion,
Wed Mar 28 2012,10:30p,New Orleans Hornets,102,Golden State Warriors,87,Box Score,,18771,Oracle Arena,
Wed Mar 28 2012,10:30p,Phoenix Suns,86,Los Angeles Clippers,103,Box Score,,19060,STAPLES Center,
Thu Mar 29 2012,7:00p,Washington Wizards,89,Indiana Pacers,93,Box Score,,11505,Bankers Life Fieldhouse,
Thu Mar 29 2012,8:00p,Dallas Mavericks,85,Miami Heat,106,Box Score,,20096,AmericanAirlines Arena,
Thu Mar 29 2012,10:00p,New Orleans Hornets,93,Portland Trail Blazers,99,Box Score,,20499,Rose Garden Arena,
Thu Mar 29 2012,10:30p,Oklahoma City Thunder,102,Los Angeles Lakers,93,Box Score,,18997,STAPLES Center,
Fri Mar 30 2012,7:00p,Denver Nuggets,99,Charlotte Bobcats,88,Box Score,,13806,Time Warner Cable Arena,
Fri Mar 30 2012,7:00p,Miami Heat,113,Toronto Raptors,101,Box Score,,19883,Air Canada Centre,
Fri Mar 30 2012,7:00p,Philadelphia 76ers,76,Washington Wizards,97,Box Score,,18066,Verizon Center,
Fri Mar 30 2012,7:30p,New York Knicks,90,Atlanta Hawks,100,Box Score,,18389,Philips Arena,
Fri Mar 30 2012,7:30p,Milwaukee Bucks,121,Cleveland Cavaliers,84,Box Score,,16099,Quicken Loans Arena,
Fri Mar 30 2012,8:00p,Detroit Pistons,71,Chicago Bulls,83,Box Score,,22385,United Center,
Fri Mar 30 2012,8:00p,Memphis Grizzlies,89,Houston Rockets,98,Box Score,,16884,Toyota Center,
Fri Mar 30 2012,8:00p,Boston Celtics,100,Minnesota Timberwolves,79,Box Score,,19356,Target Center,
Fri Mar 30 2012,8:00p,Dallas Mavericks,100,Orlando Magic,98,Box Score,,18951,Amway Center,
Fri Mar 30 2012,9:00p,Sacramento Kings,104,Utah Jazz,103,Box Score,,19911,EnergySolutions Arena,
Fri Mar 30 2012,10:30p,New Jersey Nets,102,Golden State Warriors,100,Box Score,,19596,Oracle Arena,
Fri Mar 30 2012,10:30p,Portland Trail Blazers,97,Los Angeles Clippers,98,Box Score,,19060,STAPLES Center,
Sat Mar 31 2012,3:30p,New Orleans Hornets,85,Los Angeles Lakers,88,Box Score,,18997,STAPLES Center,
Sat Mar 31 2012,7:30p,Charlotte Bobcats,107,Detroit Pistons,110,Box Score,OT,17082,The Palace of Auburn Hills,
Sat Mar 31 2012,7:30p,Cleveland Cavaliers,75,New York Knicks,91,Box Score,,19763,Madison Square Garden (IV),
Sat Mar 31 2012,7:30p,Atlanta Hawks,90,Philadelphia 76ers,95,Box Score,,19714,Wells Fargo Center,
Sat Mar 31 2012,8:30p,Memphis Grizzlies,99,Milwaukee Bucks,95,Box Score,,17106,Bradley Center,
Sat Mar 31 2012,8:30p,Indiana Pacers,103,San Antonio Spurs,112,Box Score,,18581,AT&T Center,
Sat Mar 31 2012,10:00p,New Jersey Nets,111,Sacramento Kings,99,Box Score,,14370,Power Balance Pavilion,
Sat Mar 31 2012,10:30p,Utah Jazz,96,Los Angeles Clippers,105,Box Score,,19060,STAPLES Center,
Sun Apr 1 2012,1:00p,Chicago Bulls,78,Oklahoma City Thunder,92,Box Score,,18203,Chesapeake Energy Arena,
Sun Apr 1 2012,3:30p,Miami Heat,72,Boston Celtics,91,Box Score,,18624,TD Garden,
Sun Apr 1 2012,6:00p,Denver Nuggets,104,Orlando Magic,101,Box Score,,18846,Amway Center,
Sun Apr 1 2012,6:00p,Washington Wizards,92,Toronto Raptors,99,Box Score,,16858,Air Canada Centre,
Sun Apr 1 2012,7:00p,Indiana Pacers,104,Houston Rockets,102,Box Score,OT,18197,Toyota Center,
Sun Apr 1 2012,9:00p,New Orleans Hornets,75,Phoenix Suns,92,Box Score,,15753,US Airways Center,
Sun Apr 1 2012,9:00p,Minnesota Timberwolves,106,Portland Trail Blazers,119,Box Score,,20359,Rose Garden Arena,
Sun Apr 1 2012,9:30p,Golden State Warriors,112,Los Angeles Lakers,120,Box Score,,18997,STAPLES Center,
Mon Apr 2 2012,7:00p,Milwaukee Bucks,112,Washington Wizards,98,Box Score,,16234,Verizon Center,
Mon Apr 2 2012,8:00p,Houston Rockets,99,Chicago Bulls,93,Box Score,,21936,United Center,
Mon Apr 2 2012,8:00p,Memphis Grizzlies,94,Oklahoma City Thunder,88,Box Score,,18203,Chesapeake Energy Arena,
Mon Apr 2 2012,8:30p,Los Angeles Clippers,94,Dallas Mavericks,75,Box Score,,20479,American Airlines Center,
Mon Apr 2 2012,10:00p,Utah Jazz,102,Portland Trail Blazers,97,Box Score,,20050,Rose Garden Arena,
Mon Apr 2 2012,10:00p,Minnesota Timberwolves,108,Sacramento Kings,116,Box Score,,12279,Power Balance Pavilion,
Tue Apr 3 2012,7:00p,San Antonio Spurs,125,Cleveland Cavaliers,90,Box Score,,14759,Quicken Loans Arena,
Tue Apr 3 2012,7:00p,New York Knicks,104,Indiana Pacers,112,Box Score,,17042,Bankers Life Fieldhouse,
Tue Apr 3 2012,7:00p,Charlotte Bobcats,87,Toronto Raptors,92,Box Score,,14640,Air Canada Centre,
Tue Apr 3 2012,7:30p,Orlando Magic,95,Detroit Pistons,102,Box Score,,16741,The Palace of Auburn Hills,
Tue Apr 3 2012,7:30p,Philadelphia 76ers,93,Miami Heat,99,Box Score,,20015,AmericanAirlines Arena,
Tue Apr 3 2012,8:00p,Golden State Warriors,94,Memphis Grizzlies,98,Box Score,,14310,FedEx Forum,
Tue Apr 3 2012,10:00p,Phoenix Suns,109,Sacramento Kings,100,Box Score,,12462,Power Balance Pavilion,
Tue Apr 3 2012,10:30p,New Jersey Nets,87,Los Angeles Lakers,91,Box Score,,18997,STAPLES Center,
Wed Apr 4 2012,7:00p,Toronto Raptors,99,Philadelphia 76ers,78,Box Score,,18186,Wells Fargo Center,
Wed Apr 4 2012,7:00p,Indiana Pacers,109,Washington Wizards,96,Box Score,,14561,Verizon Center,
Wed Apr 4 2012,7:30p,Charlotte Bobcats,93,Atlanta Hawks,120,Box Score,,13046,Philips Arena,
Wed Apr 4 2012,7:30p,San Antonio Spurs,87,Boston Celtics,86,Box Score,,18624,TD Garden,
Wed Apr 4 2012,8:00p,Oklahoma City Thunder,93,Miami Heat,98,Box Score,,20104,AmericanAirlines Arena,
Wed Apr 4 2012,8:00p,Cleveland Cavaliers,98,Milwaukee Bucks,107,Box Score,,11849,Bradley Center,
Wed Apr 4 2012,8:00p,Golden State Warriors,97,Minnesota Timberwolves,94,Box Score,,17161,Target Center,
Wed Apr 4 2012,8:00p,Denver Nuggets,92,New Orleans Hornets,94,Box Score,,15020,New Orleans Arena,
Wed Apr 4 2012,8:30p,Memphis Grizzlies,85,Dallas Mavericks,95,Box Score,,20233,American Airlines Center,
Wed Apr 4 2012,9:00p,Phoenix Suns,107,Utah Jazz,105,Box Score,,19911,EnergySolutions Arena,
Wed Apr 4 2012,10:00p,New Jersey Nets,88,Portland Trail Blazers,101,Box Score,,20464,Rose Garden Arena,
Wed Apr 4 2012,10:30p,Los Angeles Lakers,113,Los Angeles Clippers,108,Box Score,,19819,STAPLES Center,
Thu Apr 5 2012,7:00p,New York Knicks,96,Orlando Magic,80,Box Score,,19098,Amway Center,
Thu Apr 5 2012,7:30p,Washington Wizards,94,Detroit Pistons,99,Box Score,,12681,The Palace of Auburn Hills,
Thu Apr 5 2012,9:30p,Boston Celtics,86,Chicago Bulls,93,Box Score,,22423,United Center,
Thu Apr 5 2012,10:00p,Los Angeles Clippers,93,Sacramento Kings,85,Box Score,,14411,Power Balance Pavilion,
Fri Apr 6 2012,7:00p,Oklahoma City Thunder,98,Indiana Pacers,103,Box Score,,18165,Bankers Life Fieldhouse,
Fri Apr 6 2012,7:30p,Detroit Pistons,96,Atlanta Hawks,101,Box Score,,15143,Philips Arena,
Fri Apr 6 2012,7:30p,Memphis Grizzlies,97,Miami Heat,82,Box Score,,20008,AmericanAirlines Arena,
Fri Apr 6 2012,7:30p,Washington Wizards,98,New Jersey Nets,110,Box Score,,12783,Prudential Center,
Fri Apr 6 2012,7:30p,Cleveland Cavaliers,84,Toronto Raptors,80,Box Score,,16565,Air Canada Centre,
Fri Apr 6 2012,8:30p,Portland Trail Blazers,99,Dallas Mavericks,97,Box Score,OT,20544,American Airlines Center,
Fri Apr 6 2012,8:30p,Charlotte Bobcats,90,Milwaukee Bucks,95,Box Score,,13374,Bradley Center,
Fri Apr 6 2012,8:30p,New Orleans Hornets,103,San Antonio Spurs,128,Box Score,,18581,AT&T Center,
Fri Apr 6 2012,9:00p,Phoenix Suns,99,Denver Nuggets,105,Box Score,,19155,Pepsi Center,
Fri Apr 6 2012,9:00p,Golden State Warriors,98,Utah Jazz,104,Box Score,,18933,EnergySolutions Arena,
Fri Apr 6 2012,10:30p,Houston Rockets,112,Los Angeles Lakers,107,Box Score,,18997,STAPLES Center,
Sat Apr 7 2012,7:00p,Boston Celtics,86,Indiana Pacers,72,Box Score,,16892,Bankers Life Fieldhouse,
Sat Apr 7 2012,8:00p,Atlanta Hawks,116,Charlotte Bobcats,96,Box Score,,14715,Time Warner Cable Arena,
Sat Apr 7 2012,8:00p,Dallas Mavericks,89,Memphis Grizzlies,94,Box Score,,18119,FedEx Forum,
Sat Apr 7 2012,8:00p,Minnesota Timberwolves,90,New Orleans Hornets,99,Box Score,,15520,New Orleans Arena,
Sat Apr 7 2012,8:00p,Orlando Magic,88,Philadelphia 76ers,82,Box Score,,19775,Wells Fargo Center,
Sat Apr 7 2012,8:30p,Portland Trail Blazers,94,Milwaukee Bucks,116,Box Score,,14969,Bradley Center,
Sat Apr 7 2012,10:00p,Los Angeles Lakers,105,Phoenix Suns,125,Box Score,,18237,US Airways Center,
Sat Apr 7 2012,10:30p,Denver Nuggets,97,Golden State Warriors,112,Box Score,,18942,Oracle Arena,
Sat Apr 7 2012,10:30p,Sacramento Kings,94,Los Angeles Clippers,109,Box Score,,19060,STAPLES Center,
Sun Apr 8 2012,1:00p,Chicago Bulls,99,New York Knicks,100,Box Score,OT,19763,Madison Square Garden (IV),
Sun Apr 8 2012,6:00p,Philadelphia 76ers,79,Boston Celtics,103,Box Score,,18624,TD Garden,
Sun Apr 8 2012,6:00p,Detroit Pistons,75,Miami Heat,98,Box Score,,20017,AmericanAirlines Arena,
Sun Apr 8 2012,6:00p,Cleveland Cavaliers,117,New Jersey Nets,122,Box Score,OT,11341,Prudential Center,
Sun Apr 8 2012,7:00p,Toronto Raptors,75,Oklahoma City Thunder,91,Box Score,,18203,Chesapeake Energy Arena,
Sun Apr 8 2012,7:00p,Utah Jazz,104,San Antonio Spurs,114,Box Score,,18581,AT&T Center,
Sun Apr 8 2012,9:00p,Houston Rockets,104,Sacramento Kings,87,Box Score,,13299,Power Balance Pavilion,
Mon Apr 9 2012,7:00p,Washington Wizards,113,Charlotte Bobcats,85,Box Score,,10303,Time Warner Cable Arena,
Mon Apr 9 2012,7:00p,Toronto Raptors,98,Indiana Pacers,103,Box Score,,11021,Bankers Life Fieldhouse,
Mon Apr 9 2012,7:00p,Detroit Pistons,89,Orlando Magic,119,Box Score,,18998,Amway Center,
Mon Apr 9 2012,8:00p,Los Angeles Clippers,85,Memphis Grizzlies,94,Box Score,,17219,FedEx Forum,
Mon Apr 9 2012,8:00p,Oklahoma City Thunder,109,Milwaukee Bucks,89,Box Score,,14111,Bradley Center,
Mon Apr 9 2012,8:00p,Los Angeles Lakers,93,New Orleans Hornets,91,Box Score,,17275,New Orleans Arena,
Mon Apr 9 2012,9:00p,Golden State Warriors,84,Denver Nuggets,123,Box Score,,15530,Pepsi Center,
Mon Apr 9 2012,9:00p,Phoenix Suns,114,Minnesota Timberwolves,90,Box Score,,17274,Target Center,
Mon Apr 9 2012,9:00p,San Antonio Spurs,84,Utah Jazz,91,Box Score,,19911,EnergySolutions Arena,
Mon Apr 9 2012,10:00p,Houston Rockets,94,Portland Trail Blazers,89,Box Score,,20487,Rose Garden Arena,
Tue Apr 10 2012,7:00p,Charlotte Bobcats,90,Cleveland Cavaliers,103,Box Score,,13576,Quicken Loans Arena,
Tue Apr 10 2012,7:00p,Boston Celtics,115,Miami Heat,107,Box Score,,19954,AmericanAirlines Arena,
Tue Apr 10 2012,7:00p,Orlando Magic,85,Washington Wizards,93,Box Score,,15355,Verizon Center,
Tue Apr 10 2012,7:30p,Philadelphia 76ers,107,New Jersey Nets,88,Box Score,,15376,Prudential Center,
Tue Apr 10 2012,8:30p,Sacramento Kings,100,Dallas Mavericks,110,Box Score,,20241,American Airlines Center,
Tue Apr 10 2012,9:30p,New York Knicks,86,Chicago Bulls,98,Box Score,,22131,United Center,
Wed Apr 11 2012,7:00p,Indiana Pacers,104,Cleveland Cavaliers,98,Box Score,OT,14307,Quicken Loans Arena,
Wed Apr 11 2012,7:00p,Philadelphia 76ers,93,Toronto Raptors,75,Box Score,,16324,Air Canada Centre,
Wed Apr 11 2012,8:00p,Atlanta Hawks,86,Boston Celtics,88,Box Score,OT,18624,TD Garden,
Wed Apr 11 2012,8:00p,Utah Jazz,103,Houston Rockets,91,Box Score,,18273,Toyota Center,
Wed Apr 11 2012,8:00p,Phoenix Suns,93,Memphis Grizzlies,104,Box Score,,15239,FedEx Forum,
Wed Apr 11 2012,8:00p,New York Knicks,111,Milwaukee Bucks,107,Box Score,,15534,Bradley Center,
Wed Apr 11 2012,8:00p,Sacramento Kings,96,New Orleans Hornets,105,Box Score,,16906,New Orleans Arena,
Wed Apr 11 2012,8:00p,Los Angeles Clippers,100,Oklahoma City Thunder,98,Box Score,,18203,Chesapeake Energy Arena,
Wed Apr 11 2012,8:30p,Los Angeles Lakers,98,San Antonio Spurs,84,Box Score,,18581,AT&T Center,
Wed Apr 11 2012,9:00p,Minnesota Timberwolves,107,Denver Nuggets,113,Box Score,,15823,Pepsi Center,
Wed Apr 11 2012,10:30p,Golden State Warriors,110,Portland Trail Blazers,118,Box Score,,20502,Rose Garden Arena,
Thu Apr 12 2012,7:00p,Detroit Pistons,109,Charlotte Bobcats,85,Box Score,,10828,Time Warner Cable Arena,
Thu Apr 12 2012,8:00p,Miami Heat,86,Chicago Bulls,96,Box Score,OT,23015,United Center,
Thu Apr 12 2012,8:00p,Los Angeles Clippers,95,Minnesota Timberwolves,82,Box Score,,16016,Target Center,
Thu Apr 12 2012,8:30p,Memphis Grizzlies,97,San Antonio Spurs,107,Box Score,,18581,AT&T Center,
Thu Apr 12 2012,10:30p,Dallas Mavericks,112,Golden State Warriors,103,Box Score,,17929,Oracle Arena,
Fri Apr 13 2012,7:00p,Cleveland Cavaliers,83,Indiana Pacers,102,Box Score,,13356,Bankers Life Fieldhouse,
Fri Apr 13 2012,7:00p,Atlanta Hawks,109,Orlando Magic,81,Box Score,,18846,Amway Center,
Fri Apr 13 2012,7:00p,New Jersey Nets,95,Philadelphia 76ers,89,Box Score,,19169,Wells Fargo Center,
Fri Apr 13 2012,7:00p,Boston Celtics,79,Toronto Raptors,84,Box Score,,17270,Air Canada Centre,
Fri Apr 13 2012,7:30p,Charlotte Bobcats,82,Miami Heat,105,Box Score,,19600,AmericanAirlines Arena,
Fri Apr 13 2012,7:30p,Washington Wizards,65,New York Knicks,103,Box Score,,19763,Madison Square Garden (IV),
Fri Apr 13 2012,8:00p,Milwaukee Bucks,113,Detroit Pistons,97,Box Score,,15255,The Palace of Auburn Hills,
Fri Apr 13 2012,8:00p,Phoenix Suns,112,Houston Rockets,105,Box Score,,18223,Toyota Center,
Fri Apr 13 2012,8:00p,Utah Jazz,85,New Orleans Hornets,96,Box Score,,16326,New Orleans Arena,
Fri Apr 13 2012,8:00p,Sacramento Kings,89,Oklahoma City Thunder,115,Box Score,,18203,Chesapeake Energy Arena,
Fri Apr 13 2012,10:30p,Denver Nuggets,97,Los Angeles Lakers,103,Box Score,,18997,STAPLES Center,
Fri Apr 13 2012,10:30p,Dallas Mavericks,97,Portland Trail Blazers,94,Box Score,,20304,Rose Garden Arena,
Sat Apr 14 2012,3:30p,Golden State Warriors,104,Los Angeles Clippers,112,Box Score,,19060,STAPLES Center,
Sat Apr 14 2012,7:00p,Cleveland Cavaliers,98,Washington Wizards,89,Box Score,,17200,Verizon Center,
Sat Apr 14 2012,7:30p,Boston Celtics,94,New Jersey Nets,82,Box Score,,18711,Prudential Center,
Sat Apr 14 2012,8:00p,Utah Jazz,98,Memphis Grizzlies,103,Box Score,,17190,FedEx Forum,
Sat Apr 14 2012,8:00p,Oklahoma City Thunder,115,Minnesota Timberwolves,110,Box Score,,19552,Target Center,
Sat Apr 14 2012,8:30p,Indiana Pacers,105,Milwaukee Bucks,99,Box Score,,15143,Bradley Center,
Sat Apr 14 2012,9:00p,Phoenix Suns,91,San Antonio Spurs,105,Box Score,,18581,AT&T Center,
Sun Apr 15 2012,1:00p,Miami Heat,93,New York Knicks,85,Box Score,,19763,Madison Square Garden (IV),
Sun Apr 15 2012,3:30p,Dallas Mavericks,108,Los Angeles Lakers,112,Box Score,OT,18997,STAPLES Center,
Sun Apr 15 2012,6:00p,Toronto Raptors,102,Atlanta Hawks,86,Box Score,,13845,Philips Arena,
Sun Apr 15 2012,6:00p,Boston Celtics,94,Charlotte Bobcats,82,Box Score,,15169,Time Warner Cable Arena,
Sun Apr 15 2012,6:00p,Orlando Magic,100,Cleveland Cavaliers,84,Box Score,,16305,Quicken Loans Arena,
Sun Apr 15 2012,6:00p,Chicago Bulls,100,Detroit Pistons,94,Box Score,OT,17450,The Palace of Auburn Hills,
Sun Apr 15 2012,6:00p,Portland Trail Blazers,103,Sacramento Kings,104,Box Score,,16012,Power Balance Pavilion,
Sun Apr 15 2012,7:00p,Memphis Grizzlies,75,New Orleans Hornets,88,Box Score,,15570,New Orleans Arena,
Sun Apr 15 2012,8:00p,Houston Rockets,86,Denver Nuggets,101,Box Score,,17954,Pepsi Center,
Mon Apr 16 2012,7:00p,New Orleans Hornets,75,Charlotte Bobcats,67,Box Score,,10876,Time Warner Cable Arena,
Mon Apr 16 2012,7:00p,Minnesota Timberwolves,88,Indiana Pacers,111,Box Score,,11845,Bankers Life Fieldhouse,
Mon Apr 16 2012,7:00p,Philadelphia 76ers,100,Orlando Magic,113,Box Score,,18846,Amway Center,
Mon Apr 16 2012,7:00p,Atlanta Hawks,109,Toronto Raptors,87,Box Score,,15992,Air Canada Centre,
Mon Apr 16 2012,7:30p,Miami Heat,101,New Jersey Nets,98,Box Score,,18711,Prudential Center,
Mon Apr 16 2012,8:00p,Washington Wizards,87,Chicago Bulls,84,Box Score,,22307,United Center,
Mon Apr 16 2012,8:00p,Denver Nuggets,105,Houston Rockets,102,Box Score,,15988,Toyota Center,
Mon Apr 16 2012,9:00p,Dallas Mavericks,121,Utah Jazz,123,Box Score,3OT,19363,EnergySolutions Arena,
Mon Apr 16 2012,10:00p,Portland Trail Blazers,107,Phoenix Suns,125,Box Score,,15322,US Airways Center,
Mon Apr 16 2012,10:30p,San Antonio Spurs,120,Golden State Warriors,99,Box Score,,18471,Oracle Arena,
Mon Apr 16 2012,10:30p,Oklahoma City Thunder,77,Los Angeles Clippers,92,Box Score,,19516,STAPLES Center,
Tue Apr 17 2012,7:00p,Indiana Pacers,102,Philadelphia 76ers,97,Box Score,,18969,Wells Fargo Center,
Tue Apr 17 2012,7:30p,Cleveland Cavaliers,77,Detroit Pistons,116,Box Score,,11595,The Palace of Auburn Hills,
Tue Apr 17 2012,8:00p,Memphis Grizzlies,91,Minnesota Timberwolves,84,Box Score,,16709,Target Center,
Tue Apr 17 2012,8:00p,Boston Celtics,110,New York Knicks,118,Box Score,,19763,Madison Square Garden (IV),
Tue Apr 17 2012,10:30p,San Antonio Spurs,112,Los Angeles Lakers,91,Box Score,,18997,STAPLES Center,
Wed Apr 18 2012,7:00p,Chicago Bulls,100,Charlotte Bobcats,68,Box Score,,14221,Time Warner Cable Arena,
Wed Apr 18 2012,7:00p,Philadelphia 76ers,103,Cleveland Cavaliers,87,Box Score,,14678,Quicken Loans Arena,
Wed Apr 18 2012,7:00p,Milwaukee Bucks,112,Washington Wizards,121,Box Score,,14141,Verizon Center,
Wed Apr 18 2012,7:30p,Detroit Pistons,84,Atlanta Hawks,116,Box Score,,14392,Philips Arena,
Wed Apr 18 2012,7:30p,Toronto Raptors,72,Miami Heat,96,Box Score,,19600,AmericanAirlines Arena,
Wed Apr 18 2012,7:30p,New York Knicks,104,New Jersey Nets,95,Box Score,,18711,Prudential Center,
Wed Apr 18 2012,8:00p,Orlando Magic,98,Boston Celtics,102,Box Score,,18624,TD Garden,
Wed Apr 18 2012,8:00p,New Orleans Hornets,91,Memphis Grizzlies,103,Box Score,,14507,FedEx Forum,
Wed Apr 18 2012,8:30p,Houston Rockets,110,Dallas Mavericks,117,Box Score,,20508,American Airlines Center,
Wed Apr 18 2012,9:00p,Los Angeles Clippers,104,Denver Nuggets,98,Box Score,,17219,Pepsi Center,
Wed Apr 18 2012,10:00p,Oklahoma City Thunder,109,Phoenix Suns,97,Box Score,,14873,US Airways Center,
Wed Apr 18 2012,10:00p,Utah Jazz,112,Portland Trail Blazers,91,Box Score,,20545,Rose Garden Arena,
Wed Apr 18 2012,10:00p,San Antonio Spurs,127,Sacramento Kings,102,Box Score,,16954,Power Balance Pavilion,
Wed Apr 18 2012,10:30p,Los Angeles Lakers,99,Golden State Warriors,87,Box Score,,18547,Oracle Arena,
Thu Apr 19 2012,7:00p,Milwaukee Bucks,109,Indiana Pacers,118,Box Score,,12453,Bankers Life Fieldhouse,
Thu Apr 19 2012,7:30p,Minnesota Timberwolves,91,Detroit Pistons,80,Box Score,,12458,The Palace of Auburn Hills,
Thu Apr 19 2012,8:00p,Chicago Bulls,72,Miami Heat,83,Box Score,,20008,AmericanAirlines Arena,
Thu Apr 19 2012,8:00p,Houston Rockets,99,New Orleans Hornets,105,Box Score,OT,18315,New Orleans Arena,
Thu Apr 19 2012,10:30p,Los Angeles Clippers,90,Phoenix Suns,93,Box Score,,14644,US Airways Center,
Fri Apr 20 2012,7:00p,Boston Celtics,92,Atlanta Hawks,97,Box Score,,16214,Philips Arena,
Fri Apr 20 2012,7:00p,Memphis Grizzlies,85,Charlotte Bobcats,80,Box Score,,13428,Time Warner Cable Arena,
Fri Apr 20 2012,7:30p,New York Knicks,90,Cleveland Cavaliers,98,Box Score,,19349,Quicken Loans Arena,
Fri Apr 20 2012,8:30p,Golden State Warriors,94,Dallas Mavericks,104,Box Score,,20547,American Airlines Center,
Fri Apr 20 2012,9:30p,Los Angeles Lakers,97,San Antonio Spurs,121,Box Score,,18581,AT&T Center,
Fri Apr 20 2012,10:00p,Oklahoma City Thunder,103,Sacramento Kings,92,Box Score,,16882,Power Balance Pavilion,
Sat Apr 21 2012,5:30p,Denver Nuggets,118,Phoenix Suns,107,Box Score,,15877,US Airways Center,
Sat Apr 21 2012,7:00p,Philadelphia 76ers,109,Indiana Pacers,106,Box Score,OT,17701,Bankers Life Fieldhouse,
Sat Apr 21 2012,7:30p,Washington Wizards,86,Miami Heat,84,Box Score,,19722,AmericanAirlines Arena,
Sat Apr 21 2012,8:00p,Dallas Mavericks,83,Chicago Bulls,93,Box Score,,22945,United Center,
Sat Apr 21 2012,8:00p,Golden State Warriors,96,Houston Rockets,99,Box Score,,15436,Toyota Center,
Sat Apr 21 2012,8:00p,Portland Trail Blazers,89,Memphis Grizzlies,93,Box Score,,17904,FedEx Forum,
Sat Apr 21 2012,8:30p,New Jersey Nets,95,Milwaukee Bucks,106,Box Score,,15939,Bradley Center,
Sat Apr 21 2012,10:30p,Orlando Magic,107,Utah Jazz,117,Box Score,OT,19580,EnergySolutions Arena,
Sun Apr 22 2012,1:00p,New York Knicks,113,Atlanta Hawks,112,Box Score,,18158,Philips Arena,
Sun Apr 22 2012,3:30p,Oklahoma City Thunder,106,Los Angeles Lakers,114,Box Score,2OT,18997,STAPLES Center,
Sun Apr 22 2012,6:00p,Sacramento Kings,114,Charlotte Bobcats,88,Box Score,,11317,Time Warner Cable Arena,
Sun Apr 22 2012,6:00p,Toronto Raptors,73,Detroit Pistons,76,Box Score,,14370,The Palace of Auburn Hills,
Sun Apr 22 2012,6:00p,Houston Rockets,88,Miami Heat,97,Box Score,,19859,AmericanAirlines Arena,
Sun Apr 22 2012,7:00p,Golden State Warriors,93,Minnesota Timberwolves,88,Box Score,,15872,Target Center,
Sun Apr 22 2012,7:00p,Cleveland Cavaliers,98,San Antonio Spurs,114,Box Score,,18581,AT&T Center,
Sun Apr 22 2012,8:00p,Orlando Magic,74,Denver Nuggets,101,Box Score,,19155,Pepsi Center,
Sun Apr 22 2012,9:30p,New Orleans Hornets,98,Los Angeles Clippers,107,Box Score,,19060,STAPLES Center,
Mon Apr 23 2012,7:00p,Detroit Pistons,97,Indiana Pacers,103,Box Score,,13584,Bankers Life Fieldhouse,
Mon Apr 23 2012,7:00p,Charlotte Bobcats,73,Washington Wizards,101,Box Score,,17355,Verizon Center,
Mon Apr 23 2012,7:30p,Philadelphia 76ers,105,New Jersey Nets,87,Box Score,,18711,Prudential Center,
Mon Apr 23 2012,8:00p,Cleveland Cavaliers,101,Memphis Grizzlies,109,Box Score,,15504,FedEx Forum,
Mon Apr 23 2012,8:00p,Toronto Raptors,86,Milwaukee Bucks,92,Box Score,,13867,Bradley Center,
Mon Apr 23 2012,8:30p,Portland Trail Blazers,89,San Antonio Spurs,124,Box Score,,18581,AT&T Center,
Tue Apr 24 2012,7:30p,Los Angeles Clippers,102,Atlanta Hawks,109,Box Score,,18223,Philips Arena,
Tue Apr 24 2012,8:00p,Miami Heat,66,Boston Celtics,78,Box Score,,18624,TD Garden,
Tue Apr 24 2012,8:00p,Sacramento Kings,110,Oklahoma City Thunder,118,Box Score,,18203,Chesapeake Energy Arena,
Tue Apr 24 2012,10:30p,New Orleans Hornets,83,Golden State Warriors,81,Box Score,,17598,Oracle Arena,
Tue Apr 24 2012,10:30p,Phoenix Suns,88,Utah Jazz,100,Box Score,,19911,EnergySolutions Arena,
Wed Apr 25 2012,7:00p,Washington Wizards,96,Cleveland Cavaliers,85,Box Score,,18086,Quicken Loans Arena,
Wed Apr 25 2012,7:00p,Chicago Bulls,92,Indiana Pacers,87,Box Score,,18165,Bankers Life Fieldhouse,
Wed Apr 25 2012,7:00p,Charlotte Bobcats,95,Orlando Magic,102,Box Score,,19152,Amway Center,
Wed Apr 25 2012,8:00p,Philadelphia 76ers,90,Milwaukee Bucks,85,Box Score,,13489,Bradley Center,
Wed Apr 25 2012,8:00p,Los Angeles Clippers,93,New York Knicks,99,Box Score,,19763,Madison Square Garden (IV),
Wed Apr 25 2012,8:00p,Denver Nuggets,106,Oklahoma City Thunder,101,Box Score,,18203,Chesapeake Energy Arena,
Wed Apr 25 2012,10:30p,San Antonio Spurs,110,Phoenix Suns,106,Box Score,,17172,US Airways Center,
Thu Apr 26 2012,7:00p,New Jersey Nets,67,Toronto Raptors,98,Box Score,,18161,Air Canada Centre,
Thu Apr 26 2012,8:00p,Dallas Mavericks,89,Atlanta Hawks,106,Box Score,,14595,Philips Arena,
Thu Apr 26 2012,8:00p,Milwaukee Bucks,74,Boston Celtics,87,Box Score,,18624,TD Garden,
Thu Apr 26 2012,8:00p,New York Knicks,104,Charlotte Bobcats,84,Box Score,,16023,Time Warner Cable Arena,
Thu Apr 26 2012,8:00p,Cleveland Cavaliers,75,Chicago Bulls,107,Box Score,,22563,United Center,
Thu Apr 26 2012,8:00p,Philadelphia 76ers,86,Detroit Pistons,108,Box Score,,15372,The Palace of Auburn Hills,
Thu Apr 26 2012,8:00p,New Orleans Hornets,77,Houston Rockets,84,Box Score,,16602,Toyota Center,
Thu Apr 26 2012,8:00p,Orlando Magic,76,Memphis Grizzlies,88,Box Score,,17215,FedEx Forum,
Thu Apr 26 2012,8:00p,Denver Nuggets,131,Minnesota Timberwolves,102,Box Score,,14824,Target Center,
Thu Apr 26 2012,8:00p,Portland Trail Blazers,94,Utah Jazz,96,Box Score,,19554,EnergySolutions Arena,
Thu Apr 26 2012,8:00p,Miami Heat,70,Washington Wizards,104,Box Score,,19537,Verizon Center,
Thu Apr 26 2012,10:30p,San Antonio Spurs,107,Golden State Warriors,101,Box Score,,18124,Oracle Arena,
Thu Apr 26 2012,10:30p,Los Angeles Lakers,96,Sacramento Kings,113,Box Score,,16281,Power Balance Pavilion,